301,107207,26801.75,23170.5,26801.75
302,31083,7770.75,7277,22916.9007573128
303,22433,11216.5,11216.5,20985.9393932819
304,33094,16547,16547,19054.9780292511
305,55824,13956,7233,19105.9841918945
306,73346,18336.5,13175,19854.7061767578
307,31504,31504,31504,21362.53125
308,128951,32237.75,30959.5,24388.5625
309,138185,17273.125,17946,22907.6145833333
310,64280,21426.6666666667,14251,21426.6666666667
311,29219,29219,29219,25298.7833333333
312,43075,14358.3333333333,4621,27210.7916666667
313,145614,29122.8,24812,27054.5760416667
314,11058,11058,11058,26898.3604166667
315,105314,26328.5,18659.5,26328.5
316,98479,24619.75,24082,24619.75
317,58763,19587.6666666667,27136,23998.8541666667
318,162519,32503.8,31305,23377.9583333333
319,108673,27168.25,28275,27168.25
320,46850,23425,23425,23425
321,139712,23285.3333333333,25536.5,23285.3333333333
322,70734,35367,35367,23904.1666666667
323,73569,24523,30884,23941.9761904762
324,51928,25964,25964,23979.7857142857
325,164056,23436.5714285714,26189,23436.5714285714
326,57392,19130.6666666667,24244,20626.1071428571
327,24304,12152,12152,20130.4890625
328,53511,17837,11520,19634.8709821429
329,90631,18126.2,12484,20038.1883928571
330,157628,31525.6,30927,21397.5
331,75505,12584.1666666667,9802,21383.5333333333
332,35624,17812,17812,21369.5666666667
333,39251,13083.6666666667,10345,19849.1166666667
334,47568,9513.6,9445,21711.3916666667
335,70721,23573.6666666667,19486,21536.1125
336,67531,33765.5,33765.5,21360.8333333333
337,41716,10429,8456.5,19148
338,63884,21294.6666666667,21735,21294.6666666667
339,71660,23886.6666666667,24096,21117.75
340,53213,26606.5,26606.5,20940.8333333333
341,35990,17995,17995,20456.5166666667
342,99861,19972.2,12268,19972.2
343,40884,20442,20442,20442
344,64164,21388,22630,18809.8333333333
345,37094,12364.6666666667,7706,17177.6666666667
346,0,0,NA,16357.765625
347,94990,13570,11735,16029.8307291667
348,0,0,NA,15701.8958333333
349,32519,16259.5,16259.5,16259.5
350,24862,12431,12431,16504.1666666667
351,55489,27744.5,27744.5,16748.8333333333
352,63200,21066.6666666667,23686,16467.3333333333
353,80159,26719.6666666667,24914,16185.8333333333
354,33915,11305,11149,15547.6041666667
355,31482,10494,14053,15333.6354166667
356,45359,15119.6666666667,20627,15191.3177083333
357,60196,15049,18342,15049
358,121797,20299.5,24040.5,17049.0078125
359,0,0,NA,17423.76953125
360,61093,30546.5,30546.5,17798.53125
361,0,0,NA,15273.25
362,0,0,NA,15747.45625
363,59507,11901.4,9721,16221.6625
364,37712,18856,18856,15928.39375
365,12124,12124,12124,15635.125
366,47793,23896.5,23896.5,15428.6822916667
367,50818,12704.5,9966,15222.2395833333
368,61624,20541.3333333333,25714,16274.6666666667
369,175,175,175,19844.8333333333
370,57445,19148.3333333333,21165,19148.3333333333
371,68620,22873.3333333333,20431,20138.1666666667
372,63384,21128,25423,20157.5768229167
373,58615,29307.5,29307.5,20176.9869791667
374,0,0,NA,20002.3125
375,53073,17691,17249,17691
376,50712,16904,15279,16904
377,70471,17617.75,19292,17617.75
378,10876,5438,5438,15109.6237483025
379,488,488,488,13860.8718707561
380,9690,9690,9690,13872.9326637741
381,26742,6685.5,6537.5,13945.6998825995
382,12802,12802,12802,14018.4671014249
383,30006,15003,15003,15003
384,23921,23921,23921,18907
385,91244,22811,19628.5,19347.125
386,9070,9070,9070,19440.8625
387,97673,19534.6,16004,18211.08125
388,33985,11328.3333333333,11797,16981.3
389,43284,14428,20241,18153.85
390,96632,19326.4,17801,19326.4
391,69435,13887,13766,19147.5416666667
392,130,130,130,18968.6833333333
393,77029,25676.3333333333,23172,18383.3333333333
394,67940,16985,15235.5,18486.8333333333
395,7793,7793,7793,18590.3333333333
396,60587,20195.6666666667,19416,17933.64375
397,76008,15201.6,20528,17276.9541666667
398,16403,8201.5,8201.5,17657.9416666667
399,18454,18454,18454,18454
400,31529,10509.6666666667,11196,17520.75
401,33175,16587.5,16587.5,18367.625
402,76858,19214.5,20477,19214.5
403,31908,31908,31908,17870.2708333333
404,35566,11855.3333333333,8696,17693.71875
405,20732,10366,10366,17517.1666666667
406,46358,23179,23179,17776.4166666667
407,54107,18035.6666666667,20215,18035.6666666667
408,12330,6165,6165,19273.9583333333
409,82049,20512.25,15836,19128.0833333333
410,76678,12779.6666666667,14358,18982.2083333333
411,37119,18559.5,18559.5,18559.5
412,119349,23869.8,25815,19058.325
413,30849,10283,10105,18759.075
414,30489,15244.5,15244.5,18459.825
415,34725,17362.5,17362.5,17362.5
416,29501,14750.5,14750.5,17270.4864583333
417,71182,14236.4,14506,17325.5765625
418,52142,17380.6666666667,18636,17380.6666666667
419,60049,15012.25,13177,17482.4905598958
420,45901,11475.25,9710,17584.314453125
421,16823,16823,16823,18110.2591145833
422,115679,19279.8333333333,18329,18555.7962239583
423,15240,7620,7620,19001.3333333333
424,45274,11318.5,11068.5,18722.8333333333
425,44293,22146.5,22146.5,18216.4166666667
426,53130,17710,19423,17710
427,51058,17019.3333333333,18944,17019.3333333333
428,0,0,NA,15890.78125
429,9511,9511,9511,16075.0364583333
430,23240,11620,11620,16259.2916666667
431,20076,20076,20076,16602.03515625
432,0,0,NA,16944.7786458333
433,18982,18982,18982,16706.0143229167
434,23609,7869.66666666667,8101,16467.25
435,0,0,NA,15748.5286458333
436,60106,20035.3333333333,21843,15029.8072916667
437,0,0,NA,14760.4036458333
438,28982,14491,14491,14491
439,10720,10720,10720,15843.6666666667
440,51589,17196.3333333333,19441,17196.3333333333
441,10230,10230,10230,15216.8859049479
442,9197,9197,9197,14247.5480957031
443,0,0,NA,14474.4352681478
444,37202,7440.4,8490,14701.3224405924
445,55243,18414.3333333333,23359,15595.6125
446,28343,28343,28343,16415.3479166667
447,18678,18678,18678,17235.0833333333
448,63696,15924,15122,15924
449,76953,15390.6,16227,15390.6
450,11727,5863.5,5863.5,14889.425
451,57553,14388.25,14958,14388.25
452,25075,25075,25075,15719.4583333333
453,51152,17050.6666666667,18586,17050.6666666667
454,23846,5961.5,7683,17402.59375
455,69117,23039,23301,17490.296875
456,52734,17578,11472,16918.3151041667
457,49039,16346.3333333333,18197,16346.3333333333
458,42287,21143.5,21143.5,16845.8541666667
459,0,0,NA,15196.5520833333
460,54189,13547.25,12820.5,13547.25
461,24878,24878,24878,12557.4583333333
462,34703,11567.6666666667,8729,12556.8430989583
463,64501,10750.1666666667,9129,12562.0465494792
464,50269,12567.25,11836,12567.25
465,37894,12631.3333333333,14795,12631.3333333333
466,8028,8028,8028,14896
467,51482,17160.6666666667,18247,14272.3333333333
468,40946,13648.6666666667,12868,13648.6666666667
469,39278,9819.5,10794,14160
470,44014,14671.3333333333,8880,14671.3333333333
471,16071,8035.5,8035.5,14563.9895833333
472,25433,6358.25,6905,14456.6458333333
473,73594,18398.5,15131.5,14367.4973958333
474,79,79,79,14278.3489583333
475,66915,13383,13773,13383
476,13180,13180,13180,13180
477,19317,19317,19317,14139.328125
478,79763,19940.75,16478.5,14262.1953125
479,87860,17572,18864,14385.0625
480,12078,12078,12078,13373.9479166667
481,1502,1502,1502,13010.8072916667
482,37943,12647.6666666667,9249,13376.1412760417
483,29027,14513.5,14513.5,13548.4690755208
484,49514,9902.8,10295,13507.7931315104
485,43088,10772,8353.5,13467.1171875
486,30691,10230.3333333333,9229,13030.04296875
487,41790,13930,12024,12592.96875
488,47890,11972.5,14055,11972.5
489,9644,9644,9644,11891.2625
490,16253,8126.5,8126.5,11863.53125
491,59179,11835.8,13876,10955.95703125
492,7880,7880,7880,10844.3481445312
493,20450,10225,10225,10859.6740722656
494,19800,19800,19800,10875
495,23050,11525,11525,11525
496,61163,15290.75,14231.5,11593.25
497,19242,9621,9621,11661.5
498,25500,12750,12750,11830.5
499,40894,13631.3333333333,17334,11999.5
500,22498,11249,11249,11249
501,18082,6027.33333333333,3988,12145.48828125
502,15075,15075,15075,12176.7458267212
503,59445,14861.25,14514.5,12208.0033721924
504,0,0,NA,12138.8373840332
505,41419,10354.75,8454,11997.1
506,56931,11386.2,9863,11386.2
507,53563,10712.6,8008,10712.6
508,21702,10851,10851,10851
509,18618,9309,9309,10687.9453125
510,27450,9150,7022,10662.78515625
511,30474,15237,15237,10637.625
512,48501,12125.25,12756,12125.25
513,48917,16305.6666666667,20049,10713.125
514,27903,9301,10794,10956.3125
515,89266,17853.2,13676,11199.5
516,26196,13098,13098,10674.3333333333
517,60895,10149.1666666667,10094,10721.6145833333
518,35681,8920.25,7545.5,10768.8958333333
519,30314,15157,15157,11388.625
520,6529,6529,6529,11972.8125
521,12557,12557,12557,12060.0078125
522,12988,12988,12988,12147.203125
523,23329,7776.33333333333,8185,11814
524,10640,10640,10640,10640
525,17967,8983.5,8983.5,9905.90625
526,11046,5523,5523,9633.015625
527,7388,7388,7388,10083.7578125
528,21069,10534.5,10534.5,10534.5
529,20365,6788.33333333333,7607,9457.89583333333
530,47822,15940.6666666667,8356,9716.07291666667
531,39897,9974.25,8878.5,9974.25
532,9876,9876,9876,9876
533,0,0,NA,11985.625
534,56381,14095.25,11740,12920.5625
535,83133,13855.5,13845.5,10667.03125
536,33654,8413.5,7897.5,11791.39453125
537,51317,17105.6666666667,14091,11868.2805989583
538,7116,3558,3558,11945.1666666667
539,59831,29915.5,29915.5,10978.25
540,0,0,NA,10011.3333333333
541,54731,18243.6666666667,12232,9134.68510437012
542,0,0,NA,8944.72513071696
543,0,0,NA,9535.13643010457
544,0,0,NA,10125.5477294922
545,38991,12997,11825,10446.0738647461
546,53833,10766.6,10435,10766.6
547,77509,12918.1666666667,12876.5,11071.1273809524
548,5404,5404,5404,11375.6547619048
549,68832,9833.14285714286,6974,9833.14285714286
550,19946,6648.66666666667,8122,10106.5714285714
551,31140,10380,7673,10380
552,27082,13541,13541,11501.21875
553,14114,14114,14114,11602.546875
554,21349,21349,21349,11703.875
555,37175,9293.75,7650,9293.75
556,5785,5785,5785,8801.70833333333
557,24929,8309.66666666667,8948,8309.66666666667
558,28895,9631.66666666667,8986,9631.66666666667
559,16517,16517,16517,8792.49479166667
560,17694,5898,5928,8467.15364583333
561,70716,14143.2,11697,8811.97265625
562,0,0,NA,9156.79166666667
563,33631,11210.3333333333,8645,11210.3333333333
564,22694,4538.8,5366,11223.4792602539
565,72828,14565.6,11088,11236.6251871745
566,0,0,NA,11193.5676432292
567,21675,10837.5,10837.5,10837.5
568,39726,13242,14364,10828.25
569,6580,6580,6580,10819
570,46660,15553.3333333333,17238,10327
571,14074,14074,14074,8467.5
572,13216,6608,6608,8942.625
573,70453,17613.25,18691,9417.75
574,24455,12227.5,12227.5,9628.875
575,19680,9840,9840,9840
576,20784,5196,5292,9441.5
577,18086,9043,9043,9043
578,5567,5567,5567,8581
579,6865,6865,6865,8432.5
580,14472,14472,14472,9067.75
581,9703,9703,9703,9703
582,0,0,NA,8732
583,7761,7761,7761,7761
584,21473,10736.5,10736.5,10736.5
585,25219,12609.5,12609.5,10808.6803775132
586,45673,15224.3333333333,12635,10826.0420124481
587,27134,13567,13567,10767.2472629125
588,26339,13169.5,13169.5,10708.4525133769
589,56081,14020.25,10984.5,9960.41666666667
590,20254,6751.33333333333,5826,9157.45833333333
591,16709,8354.5,8354.5,8354.5
592,16891,8445.5,8445.5,8445.5
593,64289,16072.25,15779.5,8821.85
594,45991,9198.2,8257,9198.2
595,13832,4610.66666666667,4395,8423.35
596,15297,7648.5,7648.5,8097.675
597,20137,6712.33333333333,8987,7996.5875
598,31582,7895.5,9166.5,8250.73125
599,0,0,NA,8504.875
600,36457,9114.25,7579.5,9114.25
601,12233,12233,12233,9644.55677083333
602,22715,11357.5,11357.5,9681.49615885417
603,55521,11104.2,11926,9718.435546875
604,28673,9557.66666666667,12037,9557.66666666667
605,101,101,101,9583.82589285714
606,88420,12631.4285714286,7488,9458.91294642857
607,28002,9334,8721,9334
608,23257,5814.25,6289.5,8690.58821614583
609,20537,20537,20537,8047.17643229167
610,16879,5626.33333333333,2774,8165.18307291667
611,16001,16001,16001,8748.56666666667
612,59354,11870.8,8892,8247.28333333333
613,30984,7746,6776.5,8097.86041666667
614,5935,5935,5935,7948.4375
615,0,0,NA,8150.875
616,8756,8756,8756,8756
617,18009,9004.5,9004.5,9004.5
618,55582,18527.3333333333,10442,9080.63431803386
619,40408,13469.3333333333,9239,9156.76863606771
620,37801,18900.5,18900.5,8931.48714192708
621,33749,8437.25,8220,8437.25
622,25278,12639,12639,7829.29166666667
623,21664,7221.33333333333,6020,8025.97916666667
624,40171,13390.3333333333,15659,8222.66666666667
625,27672,9224,7898,7982.33333333333
626,54748,10949.6,11077,7742
627,6260,6260,6260,7746.65625
628,54173,10834.6,7569,7751.3125
629,0,0,NA,8053.3
630,10544,5272,5272,8553.775
631,24004,12002,12002,9054.25
632,25673,12836.5,12836.5,9798.84319051107
633,37235,18617.5,18617.5,10114.1389007568
634,43543,14514.3333333333,13145,10152.0199712118
635,13370,13370,13370,8628.50998560588
636,21315,7105,6785,8143.10915946961
637,31228,10409.3333333333,9482,8176.76291306814
638,35547,11849,9206,8210.41666666667
639,12023,6011.5,6011.5,8115.70833333333
640,16042,8021,8021,8021
641,39136,9784,9898,9784
642,17793,5931,6288,8409.2
643,35172,7034.4,7459,8623.45
644,0,0,NA,8837.7
645,10641,10641,10641,9019.42682291667
646,25650,6412.5,6398,9201.15364583333
647,55952,13988,15669.5,9974.50911458333
648,54413,13603.25,10437.5,9715.00309244792
649,34685,11561.6666666667,9645,9455.4970703125
650,12235,6117.5,6117.5,8848.33333333333
651,6135,6135,6135,9083.29166666667
652,37273,9318.25,10209.5,9318.25
653,8797,8797,8797,8797
654,31820,10606.6666666667,11197,9339.58333333333
655,31952,10650.6666666667,8095,9882.16666666667
656,27473,9157.66666666667,11637,9157.66666666667
657,17967,17967,17967,9171.94791666667
658,56041,14010.25,11147,9186.22916666667
659,27154,6788.5,6770,9553.11458333333
660,9920,9920,9920,9920
661,26131,13065.5,13065.5,9440.72916666667
662,0,0,NA,8961.45833333333
663,28135,9378.33333333333,7817,9378.33333333333
664,43789,10947.25,10064.5,9144.55208333333
665,104,104,104,8910.77083333333
666,19428,19428,19428,9110.4375
667,20354,10177,10177,10177
668,22359,11179.5,11179.5,10131.6666666667
669,30259,10086.3333333333,9164,10086.3333333333
670,31523,10507.6666666667,11544,9959.5625
671,71102,14220.4,16885,9832.79166666667
672,5382,5382,5382,9157.91666666667
673,20742,10371,10371,9633.671875
674,0,0,NA,10109.4270833333
675,56543,14135.75,12927,9847.85416666667
676,44654,7442.33333333333,9117.5,9262.76041666667
677,26033,8677.66666666667,8674,9281.53854166666
678,26743,6685.75,6383,9300.31666666667
679,49820,12455,14107.5,9922.96666666667
680,46398,9279.6,7235,9279.6
681,22490,11245,11245,9212.42174479167
682,15438,7719,7719,9145.24348958333
683,68692,11448.6666666667,9897,9334.7890625
684,0,0,NA,9521.79036458333
685,16341,8170.5,8170.5,9564.89518229167
686,38432,9608,9338,9608
687,4257,4257,4257,8765.625
688,0,0,NA,7923.25
689,39913,7982.6,5257,7982.6
690,17026,8513,8513,8513
691,10746,5373,5373,8329.234375
692,0,0,NA,8145.46875
693,35105,8776.25,9310,8776.25
694,29224,14612,14612,8833.96875
695,21844,21844,21844,8891.6875
696,13223,6611.5,6611.5,8089.375
697,11134,5567,5567,8095.90345982143
698,51599,7371.28571428571,8944,8102.43191964286
699,31503,10501,5922,8474.53348214286
700,24724,12362,12362,9577.78125
701,44229,11057.25,10563,8654.5625
702,13060,6530,6530,8914.94791666667
703,28689,14344.5,14344.5,9175.33333333333
704,35462,11820.6666666667,8909,10354.8333333333
705,0,0,NA,10268.1102905273
706,22496,11248,11248,10132.7013448079
707,34215,11405,6232,9997.29239908854
708,5223,5223,5223,9628.83333333333
709,56256,18752,17765,7852.66666666667
710,31447,10482.3333333333,6700,7676.66666666667
711,4031,4031,4031,7500.66666666667
712,4519,4519,4519,9818.08333333333
713,48542,12135.5,12731.5,7892.04166666667
714,5966,5966,5966,7534.60026041667
715,12832,6416,6416,7367.44856770833
716,11403,5701.5,5701.5,7371.5576171875
717,22127,7375.66666666667,5590,7375.66666666667
718,4709,4709,4709,7907.0625
719,44125,7354.16666666667,7309.5,8438.45833333333
720,28536,9512,7762,9512
721,3014,3014,3014,9733.33333333333
722,29864,9954.66666666667,11975,9954.66666666667
723,22660,11330,11330,10006.3919270833
724,10846,5423,5423,9873.29964192708
725,31963,10654.3333333333,10812,9740.20735677083
726,9469,9469,9469,9469
727,8856,4428,4428,8006
728,13086,6543,6543,8020.1171875
729,4405,4405,4405,8034.234375
730,42687,14229,18415,8595.59375
731,20536,10268,10268,9786.5
732,24473,12236.5,12236.5,10123.6875
733,6815,3407.5,3407.5,9813.91015625
734,62253,10375.5,8977,9504.1328125
735,0,0,NA,8758.671875
736,32216,32216,32216,8017.7109375
737,29107,7276.75,5071,8152.40266927083
738,22598,7532.66666666667,7674,8287.09440104167
739,17598,8799,8799,8799
740,23777,5944.25,5562.5,8671.5625
741,21773,21773,21773,8544.125
742,44576,11144,11842,9488.6875
743,10280,5140,5140,9605.59375
744,19445,9722.5,9722.5,9722.5
745,35381,5896.83333333333,4636.5,7970.75
746,12438,6219,6219,8220.40625
747,5060,5060,5060,8470.0625
748,41699,10424.75,9886,9377.14140625
749,23543,11771.5,11771.5,9760.416015625
750,6356,3178,3178,9519.3361328125
751,22831,11415.5,11415.5,9024.74775390625
752,36721,7344.2,5882,8530.159375
753,20153,20153,20153,7782.0625
754,24379,6094.75,6308,8219.925
755,17467,17467,17467,7849.05625
756,26692,13346,13346,7478.1875
757,5236,5236,5236,6453.09375
758,19176,19176,19176,6036.546875
759,16860,5620,6367,5620
760,9679,4839.5,4839.5,5591.2578125
761,0,0,NA,5562.515625
762,7075,3537.5,3537.5,5684.125
763,72101,14420.2,14303,7179.75
764,21644,10822,10822,7212.755859375
765,18861,9430.5,9430.5,7219.7529296875
766,0,0,NA,7226.75
767,10046,5023,5023,5023
768,10754,5377,5377,5377
769,0,0,NA,6325.875
770,27360,13680,13680,5673.4375
771,10042,5021,5021,5021
772,0,0,NA,5434.5
773,11696,5848,5848,5848
774,11226,5613,5613,5613
775,43479,10869.75,10857,5730.95833333333
776,11365,3788.33333333333,5002,5848.91666666667
777,22732,11366,11366,5904.95833333333
778,5961,5961,5961,5961
779,27301,9100.33333333333,6571,5888.625
780,23265,5816.25,5621.5,5816.25
781,11305,5652.5,5652.5,5652.5
782,18278,4569.5,4280.5,4569.5
783,21706,10853,10853,4562.25
784,4555,4555,4555,4555
785,0,0,NA,6229.83333333333
786,23714,7904.66666666667,5282,4736.21875
787,0,0,NA,4607.94786783854
788,24210,12105,12105,4574.62683105469
789,8293,4146.5,4146.5,4541.30579427083
790,16207,4051.75,3994.5,4800.3375
791,39816,9954,7451,5828.46875
792,34283,6856.6,6607,6856.6
793,18662,9331,9331,6352.8
794,5849,5849,5849,5849
795,4499,4499,4499,6707.08333333333
796,60076,12015.2,12934,7565.16666666667
797,31894,10631.3333333333,8188,7604.78168669201
798,29067,9689,8764,7644.39670671736
799,21162,10581,10581,7530.35664585659
800,36422,12140.6666666667,13693,7275.36281622024
801,43293,6184.71428571429,5856,6184.71428571429
802,20273,10136.5,10136.5,6920.35714285714
803,15312,7656,7656,7656
804,30520,7630,7292,7630
805,12298,12298,12298,7290.5
806,13902,6951,6951,6951
807,12047,3011.75,3178.5,7181.75
808,14825,7412.5,7412.5,7412.5
809,0,0,NA,6835.97916666667
810,12406,4135.33333333333,3792,6259.45833333333
811,6745,6745,6745,6745
812,19222,6407.33333333333,6282,6407.33333333333
813,3350,1675,1675,6327.13541666667
814,9342,4671,4671,6246.9375
815,18973,6324.33333333333,6748,6324.33333333333
816,6218,6218,6218,6218
817,28331,7082.75,6048.5,6540.37916666667
818,40111,8022.2,7412,6862.75833333333
819,17842,17842,17842,6642.76666666667
820,15790,5263.33333333333,5368,6696.8
821,23161,11580.5,11580.5,6750.83333333333
822,16278,16278,16278,6228.41666666667
823,5706,5706,5706,6241.20833333333
824,0,0,NA,6254
825,20406,6802,8554,6802
826,38860,9715,5621,6395.765625
827,0,0,NA,6289.0078125
828,24729,6182.25,4954.5,6182.25
829,5575,2787.5,2787.5,6487.29166666667
830,20377,6792.33333333333,7555,6792.33333333333
831,25918,6479.5,6025,6479.5
832,136,136,136,6203.8125
833,26986,13493,13493,6534.90625
834,6866,6866,6866,6866
835,16015,5338.33333333333,5404,6948.58333333333
836,34370,11456.6666666667,10703,7295.78125
837,17448,8724,8724,7288.2041015625
838,22349,7449.66666666667,4062,7280.626953125
839,0,0,NA,7256.14583333333
840,15187,7593.5,7593.5,7062.625
841,19811,6603.66666666667,4699,6603.66666666667
842,11888,3962.66666666667,5553,6242.14583333333
843,5110,5110,5110,5880.625
844,41166,8233.2,6386,5904.41666666667
845,18247,6082.33333333333,5151,6082.33333333333
846,0,0,NA,6367.58333333333
847,4211,4211,4211,6652.83333333333
848,8159,8159,8159,6636.95833333333
849,5124,2562,2562,6621.08333333333
850,50269,12567.25,12583,7112.70833333333
851,22813,7604.33333333333,4244,6546.35416666667
852,5980,5980,5980,5980
853,9004,4502,4502,5968.14583333333
854,12790,4263.33333333333,3208,5956.29166666667
855,7883,3941.5,3941.5,6237.66666666667
856,16424,8212,8212,6903.3125
857,45885,15295,20036,7037.6953125
858,22386,7462,4483,7008.9970703125
859,0,0,NA,6980.298828125
860,6861,6861,6861,6861
861,13627,6813.5,6813.5,6813.5
862,6696,6696,6696,6696
863,25893,6473.25,6807.5,6473.25
864,18107,6035.66666666667,4465,6035.66666666667
865,21798,7266,5385,6133.95833333333
866,10290,10290,10290,6232.25
867,0,0,NA,6498.125
868,6764,6764,6764,6331.64583333333
869,13205,4401.66666666667,5111,6165.16666666667
870,0,0,NA,6448.08333333333
871,6731,6731,6731,6051.15104166667
872,0,0,NA,5654.21875
873,17962,17962,17962,5648.38671875
874,9263,4631.5,4631.5,5895.318359375
875,4395,2197.5,2197.5,6142.25
876,15306,7653,7653,5933.29166666667
877,17173,5724.33333333333,5124,5724.33333333333
878,7336,7336,7336,6312.16666666667
879,61643,20547.6666666667,22112,6388.08333333333
880,10984,10984,10984,6464
881,11152,5576,5576,5479.875
882,17983,4495.75,4680.5,5551.21875
883,31587,10529,11381,5622.5625
884,23620,5905,6348.5,5905
885,20878,10439,10439,6181.75
886,4469,4469,4469,6458.5
887,23190,7730,3567,6017.75
888,5577,5577,5577,5819.98307291667
889,0,0,NA,5622.21614583333
890,0,0,NA,5667.43229166667
891,3608,3608,3608,7782.04947916667
892,29690,9896.66666666667,10703,7399.03092447917
893,9846,9846,9846,7016.01236979167
894,15654,5218,4846,7380.57023111979
895,27229,6807.25,6113.5,7745.12809244792
896,4114,4114,4114,8578.625
897,31050,10350,10052,8970.8125
898,28089,9363,9952,9363
899,44406,11101.5,10848,9461.3203125
900,20756,10378,10378,9485.98828125
901,7847,2615.66666666667,3447,9510.65625
902,9298,9298,9298,9298
903,24037,12018.5,12018.5,10552.84375
904,4637,2318.5,2318.5,10478.0505371094
905,12734,12734,12734,10403.2573242188
906,21635,10817.5,10817.5,9866.87866210938
907,14678,14678,14678,9330.5
908,15687,7843.5,7843.5,7843.5
909,11468,3822.66666666667,3987,7747.625
910,5410,5410,5410,7651.75
911,12250,4083.33333333333,4281,8676.75
912,23887,11943.5,11943.5,8338.625
913,16001,8000.5,8000.5,8000.5
914,23903,11951.5,11951.5,8351.25
915,0,0,NA,8702
916,10905,5452.5,5452.5,7763.23958333333
917,11340,3780,2805,6824.47916666667
918,0,0,NA,7407.95833333333
919,51602,8600.33333333333,7060,8600.33333333333
920,19432,6477.33333333333,5940,7631.83333333333
921,27665,13832.5,13832.5,6663.33333333333
922,11712,3904,4361,6849.33333333333
923,17016,8508,8508,8508
924,4394,4394,4394,8212.75
925,4433,2216.5,2216.5,7917.5
926,22882,11441,11441,7922.5375
927,52702,10540.4,11861,7927.575
928,29988,14994,14994,7370.5875
929,2712,2712,2712,7185.79375
930,7001,7001,7001,7001
931,15394,15394,15394,7623.3
932,41228,8245.6,8883,8245.6
933,10051,5025.5,5025.5,6844.8
934,0,0,NA,7186.0625
935,23450,5862.5,2770.5,7527.325
936,5264,2632,2632,7507.515625
937,46158,11539.5,10395,7487.70625
938,5442,5442,5442,7295.353125
939,14206,7103,7103,7103
940,0,0,NA,7821.3
941,42698,8539.6,5904,8099.4375
942,17329,17329,17329,8377.575
943,4180,4180,4180,8335.42421875
944,32480,16240,16240,8293.2734375
945,14359,14359,14359,8153.5
946,14075,7037.5,7037.5,7037.5
947,14454,14454,14454,7008.25
948,13958,6979,6979,6979
949,18267,6089,4873,7845.3125
950,3530,3530,3530,8711.625
951,45337,11334.25,11856.5,8783.09895833333
952,20546,10273,10273,8854.57291666667
953,0,0,NA,8216.83333333333
954,18482,6160.66666666667,6285,7303.359375
955,11694,3898,4184,6961.23177083333
956,20951,5237.75,6261,7250.11588541667
957,22617,7539,6222,7539
958,8057,8057,8057,8057
959,2898,1449,1449,7027.5
960,17994,5998,5044,5998
961,163,163,163,7049.08333333333
962,21156,21156,21156,8100.16666666667
963,7870,2623.33333333333,2512,8951.25
964,29407,9802.33333333333,3691,8362.58333333333
965,4531,2265.5,2265.5,7773.91666666667
966,11491,5745.5,5745.5,5994.39697265625
967,0,0,NA,5687.62725830078
968,5122,2561,2561,6117.40684763591
969,10116,3372,2310,6547.18643697103
970,7504,7504,7504,7504
971,30644,10214.6666666667,8157,7737.89583333333
972,31859,15929.5,15929.5,7724.11458333333
973,38486,12828.6666666667,14038,7710.33333333333
974,7798,3899,3899,7824.53190104167
975,41707,10426.75,10841.5,7712.6787109375
976,25852,8617.33333333333,8708,7233.67268880208
977,10811,10811,10811,6754.66666666667
978,4892,4892,4892,4892
979,11315,5657.5,5657.5,5657.5
980,6828,3414,3414,5177.111328125
981,0,0,NA,4696.72265625
982,3805,3805,3805,4759.9453125
983,13269,4423,488,5042.578125
984,5635,5635,5635,5635
985,35510,17755,17755,5428.4375
986,21,10.5,10.5,5221.875
987,30484,7621,5677.5,6181.02083333333
988,18890,18890,18890,6420.17708333333
989,19978,6659.33333333333,6266,5990.83854166667
990,11123,5561.5,5561.5,5561.5
991,11009,5504.5,5504.5,5504.5
992,0,0,NA,5543.296875
993,0,0,NA,5582.09375
994,30211,7552.75,6119,5835.6875
995,34528,8632,5714.5,6518.875
996,16455,5485,5809,6024.53142547607
997,0,0,NA,5799.95356369019
998,12520,12520,12520,5575.3757019043
999,8427,2809,3913,5742.56512451172
1000,25903,12951.5,12951.5,6088.5
1001,28104,9368,8111,6225.75
1002,31308,7827,5682.5,6363
1003,46146,5768.25,5320.5,5768.25
1004,36804,6134,4700.5,6134
1005,19305,6435,6405,6435
1006,37013,7402.6,5711,6570.57142857143
1007,46943,6706.14285714286,5164,6568.08035714286
1008,0,0,NA,6565.58928571429
1009,11250,11250,11250,6425.03571428571
1010,3872,3872,3872,6050.83898809524
1011,11809,3936.33333333333,5539,6111.71949404762
1012,30863,6172.6,5020,6172.6
1013,31994,7998.5,6915,6480.2375
1014,0,0,NA,6028.74375
1015,22309,5577.25,5432,6098.434375
1016,0,0,NA,6168.125
1017,6759,6759,6759,6456.99739583333
1018,35570,7114,4188,6745.86979166667
1019,17721,8860.5,8860.5,6732.73958333333
1020,3536,1178.66666666667,65,6351.47916666667
1021,16634,5544.66666666667,6930,6549.142578125
1022,26858,13429,13429,6412.6962890625
1023,25105,6276.25,4364,6276.25
1024,24337,6084.25,6249,6084.25
1025,23847,7949,3780,6167.875
1026,34,34,34,6251.5
1027,9108,4554,4554,5649.8125
1028,13204,4401.33333333333,4853,5596.03125
1029,22169,5542.25,3307.5,5542.25
1030,29780,14890,14890,5236.01801215278
1031,8239,4119.5,4119.5,5132.35753038194
1032,7384,3692,3692,5196.81765407986
1033,19369,9684.5,9684.5,5261.27777777778
1034,61475,6830.55555555556,6834,5887.625
1035,0,0,NA,6513.97222222222
1036,6894,6894,6894,6197.38888888889
1037,9454,2363.5,1967,5532.5
1038,8342,4171,4171,6685.41666666667
1039,23515,7838.33333333333,8497,6774.61979166667
1040,34468,8617,6076.5,6687.32447916667
1041,30523,10174.3333333333,10173,6600.02916666667
1042,29928,5985.6,4405,5985.6
1043,46,46,46,5589.5
1044,13301,13301,13301,5193.4
1045,23624,5906,3314.5,5906
1046,35635,8908.75,8713.5,5158.5
1047,8822,4411,4411,5193.61979166667
1048,17346,8673,8673,5228.73958333333
1049,9394,4697,4697,5601.22916666667
1050,46551,11637.75,10008.5,6425.83333333333
1051,24464,8154.66666666667,4067,6643.85416666667
1052,16822,16822,16822,6604.484375
1053,3015,3015,3015,6565.11458333333
1054,0,0,NA,6382.75
1055,19501,9750.5,9750.5,5754.75
1056,20507,5126.75,5192,5772.72916666667
1057,9398,4699,4699,5790.70833333333
1058,19364,6454.66666666667,5409,6454.66666666667
1059,10803,5401.5,5401.5,5401.5
1060,20215,10107.5,10107.5,6169.5
1061,41441,10360.25,11152,5850.61458333333
1062,7535,3767.5,3767.5,5531.72916666667
1063,17705,8852.5,8852.5,6094.95833333333
1064,8424,2808,3537,6498.30729166667
1065,23977,7992.33333333333,4804,6288.150390625
1066,945,472.5,472.5,5907.5751953125
1067,11054,5527,5527,5527
1068,7728,7728,7728,5748.4
1069,17920,8960,8960,5520.68333333333
1070,21058,4211.6,4497,5292.96666666667
1071,3674,1837,1837,5156.81666666667
1072,15062,5020.66666666667,4975,5020.66666666667
1073,38457,7691.4,4376,4752.95833333333
1074,17941,4485.25,4543.5,5484.49166666667
1075,27627,9209,13140,5367.29421502976
1076,39734,7946.8,5638,5250.09676339286
1077,3596,1798,1798,4905.71065848214
1078,74700,10671.4285714286,10503,5120.71247209821
1079,19331,19331,19331,5335.71428571429
1080,0,0,NA,5506.75714285714
1081,28389,5677.8,4662,5677.8
1082,30997,6199.4,5056,5478.51041666667
1083,11810,3936.66666666667,4236,5279.22083333333
1084,15542,3885.5,3628.5,5030.31875
1085,15372,7686,7686,4781.41666666667
1086,17032,5677.33333333333,4610,5677.33333333333
1087,30729,6145.8,4598,6145.8
1088,5489,2744.5,2744.5,5352.15
1089,18234,4558.5,4895.5,4558.5
1090,28589,7147.25,5856.5,4368.75
1091,12537,4179,2603,3712.625
1092,6113,3056.5,3056.5,3056.5
1093,24415,6103.75,4272.5,3482.9375
1094,29867,9955.66666666667,5752,3909.375
1095,3430,1715,1715,1715
1096,19304,9652,9652,1728.24041506648
1097,0,0,NA,1741.48083013296
1098,0,0,NA,1797.65017354488
1099,0,0,NA,1921.69621276855
1100,4942,2471,2471,2471
1101,22358,7452.66666666667,5271,3623
1102,4775,4775,4775,4775
1103,14029,4676.33333333333,6718,4676.33333333333
1104,3777,3777,3777,3777
1105,28358,7089.5,5324,5055
1106,31665,6333,3970,5701.59635416667
1107,23912,7970.66666666667,11430,5942.57421875
1108,36867,12289,14037,5818.49544270833
1109,26778,8926,6033,5694.41666666667
1110,5881,2940.5,2940.5,5679.19791666667
1111,7851,3925.5,3925.5,5663.97916666667
1112,13036,6518,6518,6518
1113,24379,8126.33333333333,4631,6913.83333333333
1114,17327,8663.5,8663.5,7309.66666666667
1115,6493,6493,6493,6493
1116,1731,865.5,865.5,6839.4
1117,35929,7185.8,6958,7185.8
1118,31081,7770.25,6191,7256.921875
1119,19457,9728.5,9728.5,7328.04375
1120,30706,10235.3333333333,12530,7296.5
1121,9729,4864.5,4864.5,6085.25
1122,30883,7720.75,5609.5,5484.375
1123,9767,4883.5,4883.5,5503.3875
1124,27612,5522.4,4204,5522.4
1125,16481,5493.66666666667,7352,5493.66666666667
1126,7888,2629.33333333333,3662,5174.08333333333
1127,9709,4854.5,4854.5,4854.5
1128,14575,3643.75,3430.5,5003.875
1129,20613,5153.25,3988.5,5153.25
1130,13024,4341.33333333333,4397,4341.33333333333
1131,6935,3467.5,3467.5,4271.95833333333
1132,0,0,NA,4202.58333333333
1133,12469,6234.5,6234.5,6234.5
1134,5511,5511,5511,5511
1135,8321,8321,8321,6813.7625
1136,9,9,9,6824.77871704102
1137,43826,8765.2,9430,6835.79493408203
1138,7281,7281,7281,6771.10461425781
1139,24424,12212,12212,6638.6875
1140,54585,9097.5,7943.5,5996.375
1141,7607,3803.5,3803.5,5724.81770833333
1142,27428,9142.66666666667,5385,5453.26041666667
1143,10011,3337,4627,5196.796875
1144,14821,4940.33333333333,3873,4940.33333333333
1145,20001,10000.5,10000.5,5408.625
1146,7028,3514,3514,5876.91666666667
1147,22580,7526.66666666667,3924,5055.95833333333
1148,29645,4235,3784,4834.93229166667
1149,0,0,NA,4613.90625
1150,0,0,NA,4992.8125
1151,29355,5871,4857,5871
1152,24843,6210.75,5877,5838.515625
1153,32866,6573.2,4945,5806.03125
1154,10572,3524,3194,5699.1
1155,9650,4825,4825,4825
1156,48,48,48,4401.57142857143
1157,27847,3978.14285714286,4419,4607.53571428571
1158,9627,4813.5,4813.5,4813.5
1159,7257,3628.5,3628.5,4309.91666666667
1160,11419,3806.33333333333,3812,4359.44322916667
1161,27929,6982.25,5779,4526.62057291667
1162,20352,4070.4,4031,4693.79791666667
1163,29323,9774.33333333333,12196,5290.325
1164,30266,15133,15133,5412.18333333333
1165,19477,3246.16666666667,3611.5,5534.04166666667
1166,20122,10061,10061,5701.77083333333
1167,23478,5869.5,5303.5,5778.16822916667
1168,52435,7490.71428571429,4882,5808.89973958333
1169,35683,7136.6,4913,5751.94986979167
1170,22780,5695,4629,5695
1171,7154,3577,3577,5703.60872395833
1172,22063,7354.33333333333,5896,5712.21744791667
1173,26027,13013.5,13013.5,5711.16666666667
1174,8136,4068,4068,4889.79583333333
1175,24578,12289,12289,4748.148828125
1176,3441,3441,3441,4740.91477864583
1177,21916,4383.2,5011,4888.50738932292
1178,48492,6927.42857142857,4534,5036.1
1179,5689,5689,5689,4962.3
1180,17271,8635.5,8635.5,4888.5
1181,8176,4088,4088,4828.6875
1182,4265,4265,4265,4768.875
1183,9922,4961,4961,4961
1184,24020,8006.66666666667,3892,4946.5
1185,9864,4932,4932,4932
1186,17216,5738.66666666667,5150,5018.75
1187,10211,5105.5,5105.5,5105.5
1188,8664,4332,4332,5114.75
1189,5124,5124,5124,5124
1190,38374,9593.5,5660.5,5213
1191,15964,7982,7982,5168
1192,15369,5123,3741,5123
1193,21675,3612.5,3673,4976.125
1194,9118,3039.33333333333,3459,4829.25
1195,6046,6046,6046,4780.01450892857
1196,8609,4304.5,4304.5,4730.77901785714
1197,45436,6490.85714285714,4522,4894.68303571429
1198,8521,4260.5,4260.5,4998.48939732143
1199,61522,8788.85714285714,9495,5102.29575892857
1200,27580,6895,5267.5,4968.375
1201,17436,4359,4246,4629.10416666667
1202,25739,4289.83333333333,4578.5,4628.19417317708
1203,19917,9958.5,9958.5,4627.2841796875
1204,13716,4572,4510,4664.513671875
1205,9496,4748,4748,4748
1206,7701,3850.5,3850.5,4705.8125
1207,22402,5600.5,5959,4663.625
1208,8306,4153,4153,4503.5625
1209,9939,3313,3031,4518.78125
1210,9068,4534,4534,4534
1211,12251,4083.66666666667,4078,4489.5
1212,17780,4445,4258,4445
1213,5601,2800.5,2800.5,4002.025
1214,2028,2028,2028,4159.8125
1215,21588,4317.6,2946,4317.6
1216,7802,3901,3901,4001.55
1217,7371,3685.5,3685.5,4009.31173706055
1218,11571,5785.5,5785.5,4017.07347412109
1219,10830,3610,3854,4036.77294921875
1220,0,0,NA,4149.4375
1221,5499,2749.5,2749.5,4365.5078125
1222,24792,6198,6528,4419.89453125
1223,35291,7058.2,4415,4474.28125
1224,6399,3199.5,3199.5,4254.75
1225,10984,10984,10984,4338.375
1226,8844,4422,4422,4422
1227,29075,4845.83333333333,4253.5,4403.64583333333
1228,13261,3315.25,3234,4385.29166666667
1229,15699,3924.75,3834,4162.58333333333
1230,19958,4989.5,4968,4058.79166666667
1231,3955,3955,3955,3749.19889322917
1232,0,0,NA,3623.77067057292
1233,6753,3376.5,3376.5,3498.34244791667
1234,10854,3618,4352,3618
1235,16730,5576.66666666667,4975,4531.5
1236,5445,5445,5445,4728.90234375
1237,14978,7489,7489,4926.3046875
1238,24162,8054,6282,4662.421875
1239,7772,3886,3886,3886
1240,22142,7380.66666666667,7360,4215
1241,9088,4544,4544,4544
1242,45810,7635,4824,5137.66634114583
1243,14408,7204,7204,5363.16585286458
1244,25940,8646.66666666667,4852,5588.66536458333
1245,28390,14195,14195,5084.6328125
1246,3969,3969,3969,3969
1247,17362,3472.4,4092,4586.75
1248,10409,5204.5,5204.5,5204.5
1249,37230,6205,3850,5201.171875
1250,31370,6274,5584,5197.84375
1251,5825,5825,5825,4785.9375
1252,7709,3854.5,3854.5,3854.5
1253,5803,2901.5,2901.5,3699.3125
1254,0,0,NA,3623.90625
1255,7097,3548.5,3548.5,3614.78645833333
1256,24121,12060.5,12060.5,3638.80989583333
1257,9553,3184.33333333333,2564,3662.83333333333
1258,15837,3959.25,4139.5,3959.25
1259,11406,5703,5703,4800.38346354167
1260,15900,7950,7950,4972.54111735026
1261,0,0,NA,4974.69514211019
1262,17576,5858.66666666667,2995,4946.26423772176
1263,18273,6091,6208,4917.83333333333
1264,3977,3977,3977,3977
1265,21292,5323,4045,3965.375
1266,15815,3953.75,3927.5,3953.75
1267,13649,4549.66666666667,4793,4549.66666666667
1268,33775,11258.3333333333,6008,4451.08333333333
1269,8705,4352.5,4352.5,4352.5
1270,8607,4303.5,4303.5,4303.5
1271,9292,4646,4646,4646
1272,49157,9831.4,7123,4870.900390625
1273,6735,6735,6735,4980.6884765625
1274,26960,13480,13480,4707.2636311849
1275,15156,5052,4070,4433.83878580729
1276,11554,3851.33333333333,3727,3851.33333333333
1277,6941,3470.5,3470.5,3714.66666666667
1278,0,0,NA,3700.08333333333
1279,7371,3685.5,3685.5,3685.5
1280,26436,4406,4707.5,3600
1281,10948,3649.33333333333,3647,3514.5
1282,5246,2623,2623,3558.5
1283,7205,3602.5,3602.5,3602.5
1284,30915,7728.75,4234,3526.75
1285,10353,3451,1909,3451
1286,29220,7305,3518,3442.7
1287,17172,3434.4,3953,3434.4
1288,9796,3265.33333333333,3132,3265.33333333333
1289,6953,3476.5,3476.5,3476.5
1290,6094,3047,3047,3665.625
1291,8666,2166.5,2099,3854.75
1292,28236,7059,7137,3735.46875
1293,11394,5697,5697,3616.1875
1294,3169,3169,3169,3548.59375
1295,6962,3481,3481,3481
1296,9581,3193.66666666667,3328,3492.54166666667
1297,12596,6298,6298,3504.08333333333
1298,7629,3814.5,3814.5,3814.5
1299,1682,1682,1682,3979.66666666667
1300,14425,7212.5,7212.5,3996.65625
1301,19823,6607.66666666667,3836,3998.828125
1302,12003,4001,4085,4001
1303,0,0,NA,3689
1304,3377,3377,3377,3535.6943359375
1305,0,0,NA,3538.75911712646
1306,7764,2588,2081,3549.5262260437
1307,6815,2271.66666666667,1602,3560.29333496094
1308,12592,4197.33333333333,4481,3683.61458333333
1309,6398,6398,6398,3955.02083333333
1310,12067,6033.5,6033.5,3712.70833333333
1311,2310,2310,2310,4092.85416666667
1312,4473,4473,4473,4250.30208333333
1313,0,0,NA,4296.40104166667
1314,8685,4342.5,4342.5,4265.57552083333
1315,19765,6588.33333333333,4810,4234.75
1316,8254,4127,4127,4127
1317,4120,4120,4120,4120
1318,22449,7483,4472,4413.9375
1319,16602,8301,8301,4400.96875
1320,8776,4388,4388,4388
1321,8972,4486,4486,4486
1322,37549,7509.8,4389,3788.5
1323,3091,3091,3091,3677.6875
1324,6358,3179,3179,3566.875
1325,10950,3650,4906,3650
1326,12684,4228,4125,4228
1327,18373,6124.33333333333,4296,4417.5
1328,13821,4607,4510,4152.3
1329,5136,2568,2568,3887.1
1330,15836,3167.2,2979,4110.14375
1331,2945,2945,2945,4333.1875
1332,21373,10686.5,10686.5,4202.34375
1333,8143,4071.5,4071.5,4071.5
1334,1679,1679,1679,3942.75
1335,15256,3814,3891,4158.71047363281
1336,10006,3335.33333333333,3261,4374.67094726563
1337,18758,6252.66666666667,4676,4606.0107014974
1338,17542,8771,8771,4597.56544189453
1339,10269,5134.5,5134.5,4589.12018229167
1340,20341,4068.2,3848,4068.2
1341,13122,4374,4311,4374
1342,20694,4138.8,3970,4138.8
1343,9520,3173.33333333333,3144,3968.30885416667
1344,38794,5542,4541,3916.91796875
1345,13878,3469.5,2563,4024.083984375
1346,16525,4131.25,3564.5,4131.25
1347,8348,2782.66666666667,2870,4331.53125
1348,15776,5258.66666666667,3045,4531.8125
1349,13106,4368.66666666667,3763,4368.66666666667
1350,0,0,NA,4527.08333333333
1351,9371,4685.5,4685.5,4476.23958333333
1352,12585,6292.5,6292.5,4425.39583333333
1353,6882,3441,3441,4058.32291666667
1354,11045,5522.5,5522.5,3999.91145833333
1355,1681,1681,1681,3941.5
1356,9442,2360.5,2483,4087.375
1357,16981,8490.5,8490.5,4233.25
1358,9002,2250.5,1882.5,4364.53125
1359,11902,5951,5951,4132.015625
1360,7799,3899.5,3899.5,3899.5
1361,5317,2658.5,2658.5,4002
1362,8209,4104.5,4104.5,4104.5
1363,5373,2686.5,2686.5,3921.125
1364,18393,6131,4973,3835.375
1365,1935,1935,1935,3798.4375
1366,10341,3447,3646,3754.0234375
1367,2734,2734,2734,3709.609375
1368,4153,4153,4153,4153
1369,3043,3043,3043,3949.1
1370,18726,3745.2,3994,3745.2
1371,17808,4452,3457,3987.7875
1372,26321,2924.55555555556,3038,3998.26875
1373,13386,4462,4255,4008.75
1374,14242,3560.5,3574,4060.25
1375,43888,14629.3333333333,18987,4111.75
1376,4663,4663,4663,3872.34375
1377,8811,2937,3168,3806.921875
1378,7483,3741.5,3741.5,3741.5
1379,11896,3965.33333333333,4306,3965.33333333333
1380,22612,7537.33333333333,4133,3797.83333333333
1381,10891,3630.33333333333,3255,4132.60416666667
1382,5729,5729,5729,4151.96875
1383,12514,4171.33333333333,4649,4171.33333333333
1384,3351,3351,3351,4021.91666666667
1385,15490,3872.5,3846,3872.5
1386,5873,5873,5873,4222.41666666667
1387,13717,4572.33333333333,3434,4572.33333333333
1388,9528,4764,4764,4463.85416666667
1389,14200,4733.33333333333,4226,4355.375
1390,3564,1782,1782,4404.62109375
1391,6765,3382.5,3382.5,4453.8671875
1392,12843,6421.5,6421.5,4456.89713541667
1393,18900,6300,3185,4459.92708333333
1394,0,0,NA,4260.68875558036
1395,0,0,NA,4211.63446335565
1396,0,0,NA,4162.58017113095
1397,31215,4459.28571428571,4757,4459.28571428571
1398,3976,3976,3976,4441.26785714286
1399,4865,2432.5,2432.5,4423.25
1400,19482,4870.5,3830.5,4280.375
1401,0,0,NA,4447.375
1402,13618,3404.5,3615.5,4614.375
1403,15116,7558,7558,4615.75
1404,6778,6778,6778,4617.125
1405,4143,4143,4143,4444.0625
1406,4271,4271,4271,4271
1407,6654,3327,3327,3327
1408,0,0,NA,3220.60252189636
1409,24873,8291,9451,3178.38331890106
1410,4323,2161.5,2161.5,3236.12448263168
1411,0,0,NA,3293.8656463623
1412,14586,3646.5,3441,3646.5
1413,12709,4236.33333333333,4036,4236.33333333333
1414,29263,29263,29263,3692.16666666667
1415,6296,3148,3148,3148
1416,11304,5652,5652,3715.953125
1417,24805,12402.5,12402.5,4283.90625
1418,4040,4040,4040,4040
1419,15221,3805.25,3597,3805.25
1420,18505,4626.25,5068.5,4070.35416666667
1421,14584,4861.33333333333,4066,4057.51041666667
1422,12134,4044.66666666667,3369,4044.66666666667
1423,4136,4136,4136,4136
1424,9754,3251.33333333333,3463,3251.33333333333
1425,6279,3139.5,3139.5,3749.29166666667
1426,0,0,NA,3816.77083333333
1427,5355,5355,5355,3884.25
1428,0,0,NA,3521.25
1429,21406,10703,10703,3448.125
1430,3375,3375,3375,3375
1431,18178,4544.5,3511.5,2798.54166666667
1432,0,0,NA,2777.60416666667
1433,8270,2756.66666666667,3021,2756.66666666667
1434,0,0,NA,2930.83333333333
1435,3105,3105,3105,3105
1436,19525,4881.25,4264.5,4009.80859375
1437,13546,6773,6773,4011.74862670898
1438,6205,6205,6205,4013.68865966797
1439,26110,6527.5,5810,3927.97412109375
1440,12070,12070,12070,3263.75
1441,0,0,NA,3617.375
1442,7942,3971,3971,3504.125
1443,0,0,NA,3390.875
1444,0,0,NA,3513.4375
1445,7272,3636,3636,3636
1446,22704,11352,11352,3145.33333333333
1447,7964,2654.66666666667,2046,2986.58333333333
1448,12321,6160.5,6160.5,2993.79166666667
1449,3001,3001,3001,3001
1450,16174,5391.33333333333,4094,3549.75
1451,16394,4098.5,4380.5,3652.71875
1452,5907,5907,5907,3755.6875
1453,2783,2783,2783,3420.09375
1454,13025,6512.5,6512.5,3084.5
1455,6772,3386,3386,3386
1456,2166,2166,2166,3683.33333333333
1457,15062,5020.66666666667,5394,3614.14583333333
1458,15032,3758,3380,3544.95833333333
1459,16349,8174.5,8174.5,3369.25
1460,1938,1938,1938,2980.5
1461,6226,3113,3113,2659.83747736613
1462,0,0,NA,2339.17495473226
1463,0,0,NA,1956.68738683065
1464,0,0,NA,1776.95355669657
1465,23507,23507,23507,1873.78407001495
1466,0,0,NA,1970.61458333333
1467,11240,3746.66666666667,3290,2388.30729166667
1468,2806,2806,2806,2415.65364583333
1469,3712,3712,3712,2443
1470,2080,2080,2080,2080
1471,2342,2342,2342,2342
1472,13203,6601.5,6601.5,1851.6875
1473,0,0,NA,1980.7734375
1474,0,0,NA,2109.859375
1475,2518,2518,2518,2518
1476,2505,2505,2505,2505
1477,0,0,NA,2615.33333333333
1478,9193,3064.33333333333,2909,2725.66666666667
1479,15742,15742,15742,2666.66666666667
1480,2269,2269,2269,2269
1481,0,0,NA,2057.5
1482,3692,1846,1846,1846
1483,0,0,NA,2844.5
1484,3843,3843,3843,3314
1485,11924,11924,11924,3519
1486,3724,3724,3724,3548.47443137036
1487,12183,6091.5,6091.5,3562.0816676115
1488,12916,12916,12916,3554.7674155953
1489,4321,4321,4321,3547.45316357911
1490,4071,4071,4071,3047.38126543164
1491,0,0,NA,2032.56563271582
1492,0,0,NA,1017.75
1493,0,0,NA,508.875
1494,0,0,NA,254.4375
1495,0,0,NA,127.21875
1496,0,0,NA,63.609375
1497,0,0,NA,0
1498,0,0,NA,0
1499,0,0,NA,0
1500,0,0,NA,0
