301,203924,22658.2222222222,14996,30185.6426725943
302,136409,19487,15340,30122.8329612323
303,263555,29283.8888888889,27178,30060.0232498702
304,246411,22401,22858,30123.1018842269
305,325682,25052.4615384615,14524,30962.3148795649
306,382321,34756.4545454545,31212,30979.6574397824
307,371964,30997,29111.5,30997
308,406245,45138.3333333333,22831,33621.0467657343
309,565779,43521.4615384615,48113,33607.4101289336
310,116985,19497.5,19426,33593.7734921329
311,360377,32761.5454545455,28968,32761.5454545455
312,233042,33291.7142857143,34495,32585.1507034632
313,204185,29169.2857142857,13264,32408.755952381
314,147165,18395.625,12889,31525.7976190476
315,154450,22064.2857142857,16012,30551.6761904762
316,252887,42147.8333333333,36590,29577.5547619048
317,126364,25272.8,10718,27784.9232142857
318,250194,25019.4,18103,27248.3532738095
319,110758,22151.6,21764,27826.2599702381
320,170425,28404.1666666667,20252,28404.1666666667
321,170804,24400.5714285714,20177,27660.5094587054
322,174263,24894.7142857143,25239,26916.8522507441
323,248199,41366.5,36137,27184.2640252976
324,131983,26396.6,21065,27907.770610119
325,114879,16411.2857142857,13578,29386.8625
326,259017,32377.125,28061.5,32377.125
327,373923,33993,24980,32480.3958333333
328,391004,32583.6666666667,33159,32583.6666666667
329,153773,19221.625,19272,31782.9895833333
330,32032,8008,7335,30982.3125
331,85486,42743,42743,28523.25625
332,130321,26064.2,14366,28210.303125
333,150732,25122,20009,27897.35
334,237844,29730.5,26304,29730.5
335,529017,33063.5625,25745.5,31269.65
336,164044,32808.8,17882,28436.53125
337,32230,16115,16115,27975.515625
338,385203,27514.5,22383,27514.5
339,288744,32082.6666666667,32924,32082.6666666667
340,131974,32993.5,16328,32993.5
341,242136,34590.8571428571,31050,33074.5
342,331555,33155.5,28607,33155.5
343,298872,33208,21750,33208
344,183450,22931.25,13300,31707.8125
345,162137,18015.2222222222,14692,30207.625
346,74968,37484,37484,26965.7291666667
347,142343,23723.8333333333,21248,27333.6284722222
348,112872,18812,17347,27701.5277777778
349,285113,31679.2222222222,27435,27799.2138888889
350,278969,27896.9,23447.5,27896.9
351,245768,40961.3333333333,50052,25428.653125
352,69574,17393.5,14807,24970.812890625
353,168877,21109.625,21237,24512.97265625
354,94617,18923.4,25296,24673.8125
355,112952,28238,25747,28238
356,99112,19822.4,20210,28217.25
357,109302,36434,36374,28196.5
358,120285,24057,16986,24057
359,67795,22598.3333333333,21860,24997.7916666667
360,97191,32397,32234,25938.5833333333
361,112111,22422.2,14764,23566.5520833333
362,44710,14903.3333333333,9718,21194.5208333333
363,149911,18738.875,17633,21411.9614025298
364,9746,9746,9746,21629.4019717262
365,145082,18135.25,18280,22381.4598214286
366,184281,26325.8571428571,15557,21400.3409598214
367,30871,15435.5,15435.5,20419.2220982143
368,147624,18453,16295,18453
369,218963,36493.8333333333,26992,18187
370,35842,17921,17921,18122.5
371,108348,18058,12270,17978.4166666667
372,160509,17834.3333333333,15824,17834.3333333333
373,199409,22156.5555555556,17684,17332.3888888889
374,151474,16830.4444444444,15695,16830.4444444444
375,302191,27471.9090909091,22848,19223.9722222222
376,129705,21617.5,21250,19538.0218253968
377,155160,22165.7142857143,12372,19852.0714285714
378,74019,10574.1428571429,8939,18086.6428571429
379,304024,33780.4444444444,31257,17763.8214285714
380,69764,17441,17485.5,17441
381,68338.56,13667.712,14558,19147.8125
382,166837,20854.625,19001.5,20854.625
383,116060,16580,12642,16580
384,222306,24700.6666666667,25359,16077.5625
385,124601,15575.125,11450,16824.4955357143
386,123000,17571.4285714286,18004,17571.4285714286
387,85466,14244.3333333333,11913,20030.5976190476
388,192641,38528.2,11218,20078.2704117064
389,153676,30735.2,13016,20125.9432043651
390,221878,22187.8,11287,19067.1959325397
391,173034,21629.25,20575.5,16713.1728174603
392,107110,11901.1111111111,11770,16612.7417441716
393,37308.7,9327.175,9444.425,16512.3106708829
394,119849,14981.125,10397,16718.998859127
395,68971,13794.2,14136,18408.8625
396,80496,13416,14002.5,20214.0625434028
397,89637,29879,38666,20054.3282335069
398,235048,26116.4444444444,23807,19894.5939236111
399,102613,14659,10014,17723.9636284722
400,55926,13981.5,4340,17603.5720594618
401,98686,16447.6666666667,16360,17742.0589463976
402,86769,21692.25,18671,17880.5458333333
403,223651,37275.1666666667,33346,19313.425
404,84673,16934.6,12741,18753.2121428571
405,47798,7966.33333333333,8389,18192.9992857143
406,136159.79,19451.3985714286,14858.79,19451.3985714286
407,148514,16501.5555555556,11606,19395.1992857143
408,96695,19339,17410,19339
409,268975.11,22414.5925,12551,20007.117802996
410,176084,25154.8571428571,18882,20283.4854115077
411,21354,7118,6884,20559.8530200195
412,63945,21315,19914,20038.0846365792
413,132145.01,18877.8585714286,20132.01,18877.8585714286
414,193948,19394.8,22785,19394.8
415,64592,10765.3333333333,10266,18593.8
416,88964,17792.8,17954,17387.1
417,24523,24523,24523,16180.4
418,101976,14568,11760,15564.382421875
419,123203,30800.75,20448,15446.5560546875
420,57294,11458.8,11074,15771.3217773438
421,57365,9560.83333333333,7230,16096.0875
422,165867,20733.375,19167,16573.74375
423,85257,17051.4,15952,17051.4
424,126460,14051.1111111111,9400,15827.4398561508
425,56998,11399.6,6482,14603.4797123016
426,60010,10001.6666666667,7270,15155.8483134921
427,51087,10217.4,9812,16348.9928571429
428,171369,57123,17562,16866.7826897321
429,234931,33561.5714285714,4410,17384.5725223214
430,256635,36662.1428571429,8058,16453.5405803571
431,100882.64,14411.8057142857,11533.64,15497.75296875
432,70157,11692.8333333333,10737,15084.938984375
433,117377,14672.125,18059.5,14672.125
434,38052,9513,11147,15920.25
435,137347,17168.375,6988.5,17168.375
436,135699.4,22616.5666666667,20048,14774.6875
437,61905,12381,11730,15358.3080357143
438,63284,10547.3333333333,7033,15941.9285714286
439,136520,19502.8571428571,13896,17410.0119047619
440,29258,9752.66666666667,10758,17440.5741071429
441,109520,18253.3333333333,16509,17471.1363095238
442,85553,17110.6,13819,17110.6
443,56461,11292.2,10596,17015.3625
444,135361,16920.125,10545,16920.125
445,49947,12486.75,7931,15763.0625
446,87636,14606,10190,15380.1032630504
447,123477.68,11225.2436363636,9776,15388.6084587513
448,16976,5658.66666666667,6654,15397.1136544522
449,77731,15546.2,10677,15546.2
450,37251,9312.75,9795.5,17485.1803571429
451,18594,9297,9297,16598.1841517857
452,206749,29535.5714285714,24537,15711.1879464286
453,39560,7912,7436,17207.3939732143
454,93518,18703.6,14386,16797.8969866071
455,81942,16388.4,17542,16388.4
456,78287,15657.4,11035,15657.4
457,91708,18341.6,10638,16917.8833333333
458,63085,12617,9776,17466.5083333333
459,111884,18647.3333333333,10174,17501.1541666667
460,87679,17535.8,10130,17304.547485119
461,61678,10279.6666666667,8234,17107.9408035714
462,147940,18492.5,19569,16680.0816071429
463,75587.77,10798.2528571429,8623,15346.0132142857
464,30617,6123.4,6172,15600.2707589286
465,68004,13600.8,12170,15854.5283035714
466,107606,21521.2,16390,16023.3070507813
467,83482,20870.5,14504,16192.0857979911
468,57624,19208,19392,15956.0168191964
469,69296,9899.42857142857,10234,15314
470,34260,11420,11402,13367.15625
471,89798,22449.5,12116,13348.05078125
472,22938,5734.5,5074,13328.9453125
473,28528,14264,14264,14264
474,68769,22923,11022,14628.03125
475,129577,18511,19764,14992.0625
476,81804,11686.2857142857,6756,14050.3541666667
477,34729,8682.25,7834.5,13108.6458333333
478,37862,12620.6666666667,8994,12620.6666666667
479,23230,7743.33333333333,10806,10492.0625
480,21414,5353.5,3485,10464.2779947917
481,28332,7083,7947,10436.4934895833
482,31662,10554,13412,10554
483,10776,3592,4234,9605.58333333333
484,51943,8657.16666666667,9587.5,10010.0416666667
485,20829,10414.5,10414.5,10414.5
486,103737,9430.63636363636,8928,9430.63636363636
487,110495,12277.2222222222,12060,8747.11818181818
488,40318,8063.6,9222,9142.98617424243
489,140015,23335.8333333333,14545.5,9538.85416666667
490,45115,22557.5,22557.5,11014.1083333333
491,40306,6717.66666666667,4275,10848.7985026042
492,40539,40539,40539,10683.488671875
493,29422,9807.33333333333,8088,9807.33333333333
494,0,0,NA,8301.66666666667
495,27184,6796,5933,8564.6875
496,89863,14977.1666666667,9777,8827.70833333333
497,30080,6016,6266,8765.89583333333
498,143651,20521.5714285714,16938,8704.08333333333
499,68353,11392.1666666667,7113,9030.75595238095
500,65502,9357.42857142857,5012,9357.42857142857
501,102554,12819.25,9847,10275.4841657366
502,53436,13359,9767,10652.1747000558
503,26204,13102,13102,10634.7818254743
504,101586,20317.2,13304,10617.3889508929
505,68539,9791.28571428571,5480,9791.28571428571
506,43369,8673.8,5024,8673.8
507,39786,7957.2,8348,8364.99166666667
508,119200,19866.6666666667,8430.5,8260.07916666667
509,48931,8155.16666666667,8696,8155.16666666667
510,47607,9521.4,7838,9521.4
511,23353,7784.33333333333,5627,9723.075
512,39699,9924.75,9088,9924.75
513,39504.78,13168.26,12348,9791.16212332589
514,81777,10222.125,9461,9657.57424665179
515,39943,7988.6,6265,9241.71099330357
516,101690,12711.25,6465,8261.29698660714
517,56668,7083.5,5446,8533.99397321428
518,131906.92,18843.8457142857,14815,9531.93794642857
519,245249,35035.5714285714,7476,9610.08501116071
520,82133,16426.6,11514,9688.23207589286
521,44049,8809.8,9508,8809.8
522,71583,23861,23031,8624.30357142857
523,12756,12756,12756,8438.80714285714
524,42663,6094.71428571429,6170,9929.975
525,79948,11421.1428571429,12638,9870.82083333333
526,58870,9811.66666666667,9104,9811.66666666667
527,52033,7433.28571428571,6012,8661.70476190476
528,57915,14478.75,11542,8425.140625
529,37951,7590.2,7282,8188.57648809524
530,32704,6540.8,6892,8251.2005952381
531,50601,8433.5,7642,8433.5
532,80744,16148.8,9002,8019.3125
533,60841,7605.125,8694,7605.125
534,44158,7359.66666666667,7570,7359.66666666667
535,93937,15656.1666666667,12711,7434.609375
536,10277,5138.5,5138.5,8102.31510416667
537,2540,2540,2540,8770.02083333333
538,26291,13145.5,13145.5,10741.904389881
539,120265,20044.1666666667,10809.5,11024.3425874256
540,39540,19770,19770,11062.9570079985
541,77711,11101.5714285714,8456,11101.5714285714
542,69283,11547.1666666667,7379,11186.9765625
543,144500,16055.5555555556,15443,11272.3816964286
544,102254,11361.5555555556,11520,11266.7971230159
545,67283,11213.8333333333,11657,11213.8333333333
546,29363,5872.6,5130,10028.5625
547,10978,3659.33333333333,2928,10139.28125
548,51250,10250,6184,10250
549,33415,11138.3333333333,10564,11138.3333333333
550,27072,6768,5957,11772.625
551,96025,16004.1666666667,11305,12406.9166666667
552,108275,18045.8333333333,13150.5,12246.5583333333
553,60431,12086.2,8818,12086.2
554,26499,13249.5,13249.5,11543.475
555,70702,23567.3333333333,12514,11000.75
556,17504,8752,8752,12157.7083333333
557,39944,13314.6666666667,15994,12348.1120090485
558,41337,20668.5,20668.5,12441.8602190018
559,50657,25328.5,25328.5,12057.3429411252
560,87726,29242,14296,11672.8256632487
561,39724,9931,10525,9931
562,34317,8579.25,8513.5,10175.9979166667
563,47612.06,15870.6866666667,13526,10420.9958333333
564,30478,6095.6,5716,10985.3433333333
565,6100,6100,6100,10512.2354166667
566,12205,6102.5,6102.5,10039.1275
567,34603,11534.3333333333,11080,10474.66375
568,54551,10910.2,10452,10910.2
569,30996,10332,10700,10332
570,49573,16524.3333333333,4948,10727.9166666667
571,26480,6620,4790.5,10280.1875
572,34340,5723.33333333333,4870,9832.45833333333
573,23693,5923.25,6471.5,9195.54166666667
574,30435,5072.5,6136.5,10194.7708333333
575,11194,11194,11194,9721.88541666667
576,59508,14877,15149,9249
577,14608,7304,7304,8857.5
578,35130,17565,17565,8466
579,48140,9628,9891,9628
580,39598,7919.6,7798,7919.6
581,38370,7674,8216,8329.49791666667
582,86875,28958.3333333333,20751,8206.025
583,35637,7127.4,8993,8082.55208333333
584,32976,6595.2,7508,7903.284375
585,40852,6808.66666666667,6550,8191.6421875
586,8480,8480,8480,8480
587,38759,12919.6666666667,13941,8243.83333333333
588,48046,8007.66666666667,6634,8007.66666666667
589,57863,9643.83333333333,11200.5,8152.09166666667
590,5276,5276,5276,8296.51666666667
591,34746,6949.2,6010,8562.72770182292
592,46528,23264,23264,8501.27921549479
593,59936,14984,15275.5,8439.83072916667
594,10404,3468,3574,8094.53587239583
595,33729,6745.8,7920,7749.241015625
596,47434,7905.66666666667,5359,7905.66666666667
597,51065,7295,5690,7936.03046875
598,1174,1174,1174,7966.39427083333
599,56104,11220.8,13408,8027.28333333333
600,40780,6796.66666666667,7543,8353.55833333333
601,52079,8679.83333333333,7672,8679.83333333333
602,44197,6313.85714285714,5688,8953.609375
603,10062,10062,10062,8924.83763020833
604,45476,11369,11677,8896.06588541667
605,87734,8773.4,7629.5,8773.4
606,58845,8406.42857142857,7594,8406.42857142857
607,56606,5660.6,5629,8847.96428571429
608,37158,9289.5,8319,9289.5
609,21820,5455,2980,8940.25
610,34364,8591,9316,8591
611,26048,6512,6022.5,9130.70802083333
612,93085.99,11635.74875,11521.5,9179.08286458333
613,6081,3040.5,3040.5,9227.45770833333
614,40915,6819.16666666667,7031,9225.69231770833
615,49655,9931,10108,9223.92692708333
616,36848,7369.6,2192,8868.625
617,93675,7806.25,6253.5,8562.3078125
618,58447,11689.4,5952,8255.990625
619,20122,5030.5,3287,8705.73125
620,0,0,NA,8516.78515625
621,2432,2432,2432,8327.8390625
622,9096,9096,9096,9096
623,183943,36788.6,13396,9026.1875
624,15986,15986,15986,8956.375
625,40918,8183.6,6868,8183.6
626,61685,12337,14622,8099.68333333333
627,34274,6854.8,6026,8015.76666666667
628,51074,8512.33333333333,10012,8512.33333333333
629,31206,4458,3142,8587.58333333333
630,8986,4493,4493,8662.83333333333
631,8343,4171.5,4171.5,8790.86458333333
632,120071,17153,4862,8918.89583333333
633,39439,4929.875,4720,9097.740234375
634,46041,11510.25,10115.5,9276.58463541667
635,133046,33261.5,7745,9232.0625
636,55631,6953.875,8709,8795.58680555555
637,75232,8359.11111111111,5832,8359.11111111111
638,12917,3229.25,2516,8186.69779265873
639,12070,6035,6035,8014.28447420635
640,16162,5387.33333333333,5366,8198.14236111111
641,61445,8777.85714285714,6321,8777.85714285714
642,37035,9258.75,7735,9258.75
643,25130,6282.5,6354,8121.125
644,9228,4614,4614,8361.859375
645,61476,7684.5,7116,8602.59375
646,28664,9554.66666666667,11396,9761.421875
647,43681,10920.25,9034.5,10028.3397216797
648,5242,5242,5242,10146.0407104492
649,10864,10864,10864,10263.7416992188
650,50861,10172.2,3884,10172.2
651,24492,12246,12246,9666.1
652,9160,9160,9160,9160
653,57538,14384.5,13167.5,9846.34375
654,5406,2703,2703,10532.6875
655,51557,10311.4,4976,10311.4
656,24648,6162,4954,8554.15793805804
657,5988,2994,2994,6796.91587611607
658,13660,3415,4026,6941.13175223214
659,8407,2802.33333333333,2485,7230.921875
660,59212,8458.85714285714,7160,8458.85714285714
661,25306,3615.14285714286,4320,8023.09523809524
662,22762,7587.33333333333,10068,7587.33333333333
663,61020,15255,10387,8674.31616666667
664,70356,17589,10687,8408.81616666667
665,21337.99,4267.598,3586,8143.31616666667
666,19576,6525.33333333333,6460,8398.28635416667
667,10150,3383.33333333333,3140,8653.25654166667
668,69259.13,11543.1883333333,3913,8857.14921484375
669,34870,11623.3333333333,9282,8609.04965169271
670,61169,10194.8333333333,8128,8360.95008854167
671,10895,5447.5,5447.5,6743.91666666667
672,6586,3293,3293,6626.88541666667
673,17019,5673,3052,6719.06770833333
674,165812,23687.4285714286,5988,6811.25
675,31798,7949.5,9145,7949.5
676,2588,2588,2588,6566.08333333333
677,15548,5182.66666666667,5926,6806.06547619048
678,4876,4876,4876,7046.04761904762
679,62366,8909.42857142857,10131,8909.42857142857
680,11500,5750,5750,9104.63095238095
681,186536.82,37307.364,6546.82,8996.30589657738
682,38549,12849.6666666667,10492,8887.98084077381
683,56534,11306.8,12190,8383.48720238095
684,16875,5625,5781,7095.35010119048
685,7796,3898,3898,6542.38805059524
686,29947.13,5989.426,5534,7857.30674153646
687,227411,75803.6666666667,3646,7383.95972888765
688,7648,3824,3824,6910.61271623884
689,41458,13819.3333333333,13418,6192.30635811942
690,16422,5474,4624,6678.87192905971
691,20855,10427.5,10427.5,7165.4375
692,72934,18233.5,6930,7374.09375
693,5860,5860,5860,7582.75
694,2918,2918,2918,6308.625
695,119615,59807.5,59807.5,6757.25
696,7884,7884,7884,7214.79166666667
697,16340,8170,8170,7337.72916666667
698,22382,7460.66666666667,5769,6856.72083333333
699,0,0,NA,6375.7125
700,0,0,NA,6613.44791666667
701,5202,1734,1852,6851.18333333333
702,54851,10970.2,11014,6051.09166666667
703,21004,5251,5251,6182.35703125
704,5334,1778,2076,6313.62239583333
705,5350,5350,5350,6951.44895833333
706,25170,8390,10770,6974.61844889323
707,48393,16131,11024,6997.78793945312
708,27214,6803.5,6669,6803.5
709,16472,4118,3402,6738.4375
710,13496,4498.66666666667,4794,6673.375
711,60131,12026.2,12530,6837.85416666667
712,32678,10892.6666666667,11420,7002.33333333333
713,6309,6309,6309,6309
714,19226,3845.2,3172,6040.25
715,13635,4545,4072,6078.125
716,341947,85486.75,8901,6116
717,15374,7687,7687,5883.75
718,383531.99,76706.398,10676,5651.5
719,3616,3616,3616,5368.75
720,5086,5086,5086,5250.875
721,15399,5133,2290,5589.140625
722,54219,13554.75,8820.5,5927.40625
723,2452,2452,2452,5199.503125
724,22358,4471.6,3642,5164.789453125
725,24312,8104,1494,5130.07578125
726,15702,5234,5460,5234
727,19880,3976,3106,5033.5
728,196720,28102.8571428571,10400,4833
729,11380,5690,5690,5690
730,22801.75,5700.4375,5287.875,5700.4375
731,12827,3206.75,3174,6012.64037882487
732,60303,20101,8722,5996.79408833822
733,36260.73,9065.1825,10757.365,5980.94779785156
734,15484,5161.33333333333,4506,5161.33333333333
735,16372,5457.33333333333,3812,5457.33333333333
736,29312,9770.66666666667,8935,5869.41666666667
737,8107,8107,8107,5825.125
738,63932,15983,6321,5780.83333333333
739,10364,3454.66666666667,1836,5179.41666666667
740,282164,94054.6666666667,3604,5440.375
741,17104,5701.33333333333,4274,5701.33333333333
742,16590,8295,8295,6228.50260416667
743,63104,21034.6666666667,7804,6279.55541992188
744,37467,7493.4,7832,6330.60823567708
745,13187,6593.5,6593.5,6190.17662760417
746,37098,9274.5,3064.5,5848.08333333333
747,15308,5102.66666666667,5618,5102.66666666667
748,240,240,240,5389.29166666667
749,2109,2109,2109,5675.91666666667
750,7746,7746,7746,4889.45833333333
751,8206,4103,4103,5446.66145833333
752,5836,2918,2918,5644.69466145833
753,8104,8104,8104,5842.72786458333
754,26946,6736.5,2447,5681.59114583333
755,325838,81459.5,17224,4993
756,6499,3249.5,3249.5,4838.68708333333
757,7611.49,2537.16333333333,849,5221.176875
758,16811,5603.66666666667,6629,5603.66666666667
759,22586,5646.5,6542,5646.5
760,15064,5021.33333333333,4090,5021.33333333333
761,10390,5195,5195,5195
762,0,0,NA,5041.75
763,9777,4888.5,4888.5,4888.5
764,8948,1789.6,1478,4696.79296875
765,5184,2592,2592,4505.0859375
766,26648,8882.66666666667,8364,4657.734375
767,20772,5193,2572,5193
768,322817,322817,322817,5278.70249430339
769,180690,45172.5,10510.5,5364.40498860677
770,12680,6340,6340,5329.50813802083
771,0,0,NA,4548.16666666667
772,8269,2756.33333333333,1508,4616
773,0,0,NA,4683.83333333333
774,25618,5123.6,3860,5123.6
775,16500,8250,8250,4624.3
776,2104,1052,1052,4542.875
777,0,0,NA,4461.45
778,26443,6610.75,4086,5080.4125
779,5092,2546,2546,4934.20625
780,3746,1873,1873,4788
781,7030,7030,7030,4741.33333333333
782,14084,4694.66666666667,4750,4694.66666666667
783,23685,7895,9816,5060.06041666667
784,55467,6933.375,7223.5,5425.45416666667
785,524,524,524,5036.8875
786,15702,3140.4,3228,4540.9459375
787,3264,1632,1632,4648.25546875
788,2488,1244,1244,4755.565
789,15758.26,7879.13,7879.13,5618.2825
790,12962,6481,6481,5635.64125
791,16959,5653,6131,6178.81150634766
792,114665.4,38221.8,14822,5985.60210571289
793,8828,8828,8828,5792.39270507812
794,6690,3345,3345,4619.19635253906
795,6892,3446,3446,4907.59817626953
796,10392,5196,5196,5196
797,25365,12682.5,12682.5,4809.75
798,8847,4423.5,4423.5,4423.5
799,6900,3450,3450,4714.33333333333
800,0,0,NA,5005.16666666667
801,307441,38430.125,4310.5,5253.5125
802,39362,13120.6666666667,9388,5501.85833333333
803,9704,1940.8,1878,4596.04583333333
804,69091,13818.2,5211,5017.85625
805,16319,5439.66666666667,6960,5439.66666666667
806,13166,6583,6583,5125.69791666667
807,8726,8726,8726,4811.72916666667
808,12319,4106.33333333333,2084,4106.33333333333
809,7846,3923,3923,3923
810,2044,2044,2044,3816.21875
811,0,0,NA,4024.796875
812,2852,2852,2852,4233.375
813,24582,12291,12291,4461.9375
814,24132,8044,6600,4690.5
815,3933,3933,3933,3933
816,5786,1928.66666666667,1274,4431.48125
817,48143.8,24071.9,24071.9,4929.9625
818,14057,3514.25,3460,4660.29375
819,3002,3002,3002,4390.625
820,665005,221668.333333333,157733,5267
821,7532,7532,7532,4628.395
822,5283.48,1761.16,1995.48,3989.79
823,8931,4465.5,4465.5,4465.5
824,3962,1981,1981,4908.25
825,10702,5351,5351,5070.375
826,19548,6516,6056,5232.5
827,5114,5114,5114,5114
828,5560,5560,5560,5560
829,209548,104774,104774,5016.875
830,7271,7271,7271,4473.75
831,2532,2532,2532,4474.0234375
832,12790,12790,12790,4474.296875
833,7286,3643,3643,3643
834,106338,35446,52012,3362.5
835,9246,3082,2630,3082
836,0,0,NA,3392.0625
837,0,0,NA,3702.125
838,23453,5863.25,4441,3316.875
839,0,0,NA,2931.625
840,170630,85315,85315,2681.06079101562
841,0,0,NA,2733.66165161133
842,370,370,370,2786.26251220703
843,5920,2960,2960,2960
844,0,0,NA,3645.6625
845,33819,6763.8,5656,4331.325
846,15203,3800.75,3824,3800.75
847,14620,4873.33333333333,4366,4078.70833333333
848,11932,5966,5966,3959.35416666667
849,113796,37932,27698,3840
850,1714,1714,1714,3503.28125
851,22161,5540.25,4598.5,3166.5625
852,6572,1643,1506,3623.78125
853,8162,4081,4081,4081
854,0,0,NA,3068.375
855,29452,7363,7121.5,3589.9375
856,27936,9312,9783,4111.5
857,860,860,860,3798.375
858,8642,8642,8642,3485.25
859,100109.11,100109.11,100109.11,3532.125
860,7158,3579,3579,3579
861,3986,3986,3986,3986
862,3875,3875,3875,3875
863,4122,4122,4122,4122
864,8852.99,2950.99666666667,2858.99,2950.99666666667
865,15585,7792.5,7792.5,3716.41708333333
866,109286.78,27321.695,6920.89,3855.609375
867,18543,6181,2190,3994.80166666667
868,7244,2414.66666666667,2552,3255.17166666667
869,1622,1622,1622,2935.79416666667
870,56741,18913.6666666667,6401,2915.89708333333
871,2896,2896,2896,2896
872,838,838,838,2566.125
873,332972,110990.666666667,6254,2547.015625
874,2252,2252,2252,2596.8828125
875,5720,5720,5720,2646.75
876,353982,88495.5,2988,3041.5
877,726,363,363,3687.75
878,4334,4334,4334,4334
879,140959,46986.3333333333,2842,4819.33585611979
880,160064,53354.6666666667,6281,4883.32727050781
881,25401,6350.25,4235,4947.31868489583
882,7777,3888.5,3888.5,3888.5
883,19649,3929.8,2564,3929.8
884,10715,5357.5,5357.5,3580.4
885,12924,3231,2833,3231
886,113674,37891.3333333333,3374,4344.625
887,22713,11356.5,11356.5,3983.6875
888,14491,3622.75,3199,3622.75
889,13292,6646,6646,4523.125
890,115821,23164.2,2518,4362.0625
891,4201,4201,4201,4201
892,7823,7823,7823,2100.5
893,0,0,NA,1681.389375
894,159137,53045.6666666667,1924,1841.029296875
895,0,0,NA,2000.66921875
896,4846.98,2423.49,2423.49,2428.807109375
897,115990,115990,115990,2856.945
898,16452,3290.4,3616,3290.4
899,25720,5144,2840,4107.61015625
900,52886,52886,52886,4133.86767578125
901,10434,10434,10434,4160.1251953125
902,15731,7865.5,7865.5,3913.625
903,0,0,NA,3451.8075
904,2989.99,2989.99,2989.99,2989.99
905,68819,68819,68819,3014.157421875
906,4482,1494,1818,3038.32484375
907,51449,25724.5,25724.5,3834.6546875
908,2442,2442,2442,2442
909,19697,9848.5,9848.5,3987.625
910,185790.79,30965.1316666667,3263.895,2602.8125
911,2436,1218,1218,3020.40625
912,3438,3438,3438,3438
913,20375,5093.75,3229.5,3287.4375
914,78571,26190.3333333333,20274,3136.875
915,1180,1180,1180,3600.4375
916,4064,4064,4064,3558.21875
917,7032,3516,3516,3516
918,127891,63945.5,63945.5,2671
919,1826,1826,1826,2764.5
920,2858,2858,2858,2858
921,16984,16984,16984,2115.5
922,2746,1373,1373,1929
923,0,0,NA,1742.5
924,2112,2112,2112,2112
925,0,0,NA,1640
926,1168,1168,1168,1622.5390625
927,0,0,NA,1605.078125
928,8374,8374,8374,1876.53125
929,4938,2469,2469,2469
930,24221,6055.25,6636,2850.125
931,12925,3231.25,2927.5,3231.25
932,0,0,NA,2791.125
933,9404,9404,9404,2351
934,132542,66271,66271,1981.20833333333
935,0,0,NA,1611.41666666667
936,6142,2047.33333333333,2086,2047.33333333333
937,0,0,NA,3095.66666666667
938,8288,4144,4144,1872.83333333333
939,650,650,650,2265.08333333333
940,16456,5485.33333333333,5940,2657.33333333333
941,52014,26007,26007,3250.66666666667
942,3844,3844,3844,3844
943,14005,14005,14005,2064
944,284,284,284,2115.625
945,159443,159443,159443,2167.25
946,8101,4050.5,4050.5,3130.33037923177
947,36033.65,12011.2166666667,7714,3537.38506266276
948,122039,61019.5,61019.5,3586.35919799805
949,10906,3635.33333333333,3090,3635.33333333333
950,5852,5852,5852,2960.16666666667
951,4570,2285,2285,2899.08333333333
952,108198,108198,108198,2838
953,6782,3391,3391,3391
954,7442,7442,7442,3690.51342773438
955,116805,58402.5,58402.5,3425.16052246094
956,234667,78222.3333333333,109856,3159.8076171875
957,4143,1381,1564,2978.90380859375
958,5596,2798,2798,2798
959,426,426,426,2664.7028125
960,26872.49,6718.1225,4625.245,2604.0778125
961,31754,10584.6666666667,10050,2579.78890625
962,5111,2555.5,2555.5,2555.5
963,15217,5072.33333333333,2612,3097.33333333333
964,43254,7209,4065,3639.16666666667
965,4412,2206,2206,3045.58333333333
966,2452,2452,2452,3125.54361979167
967,3964,3964,3964,3205.50390625
968,13058,4352.66666666667,4976,3148.93489583333
969,8822,2940.66666666667,3712,2940.66666666667
970,7228,1807,1408,2516.83333333333
971,8372,2093,2121,1258.41666666667
972,0,0,NA,1159.77238972982
973,167263,83631.5,83631.5,1202.10101445516
974,0,0,NA,1244.4296391805
975,13328,6664,6664,1344.81380208333
976,0,0,NA,2532.32552083333
977,4986,4986,4986,2204.41276041667
978,3753,1876.5,1876.5,1876.5
979,7298,3649,3649,2295.745
980,2714.99,2714.99,2714.99,2714.99
981,0,0,NA,2798.491875
982,15125.97,3781.4925,3149.485,2881.99375
983,56878,28439,28439,2515.74625
984,3750,1250,1672,1250
985,4094,2047,2047,2047
986,1152,1152,1152,1152
987,141485,70742.5,70742.5,1845
988,2538,2538,2538,2538
989,111198,111198,111198,2645.68430989583
990,62746.62,20915.54,20471,2753.36861979167
991,12212,4070.66666666667,2320,1915.48078125
992,0,0,NA,2328.840390625
993,54844,10968.8,4544,2742.2
994,375630,125210,4736,1371.1
995,0,0,NA,1047.31127929688
996,19386,9693,9693,723.52255859375
997,0,0,NA,761.4951171875
998,14481,4827,4206,875.6171875
999,0,0,NA,1579.846875
1000,3074,3074,3074,1796.9234375
1001,6042,2014,2504,2014
1002,6342,3171,3171,1799.75
1003,10228,10228,10228,1585.5
1004,0,0,NA,1578.5
1005,3143,1571.5,1571.5,1571.5
1006,12368,4122.66666666667,3994,2128.265625
1007,5418,5418,5418,2685.03125
1008,7349,3674.5,3674.5,1875.3125
1009,166,166,166,1638.65625
1010,1402,1402,1402,1402
1011,454,454,454,3458.98567708333
1012,54686,54686,54686,4454.45377604167
1013,28349,9449.66666666667,5040,3919.22688802083
1014,3384,3384,3384,3384
1015,1270,1270,1270,1270
1016,4284,2142,2142,2142
1017,5325,5325,5325,2555.74875
1018,11877.99,2969.4975,2792.495,2969.4975
1019,20054,10027,10027,4137.12229393005
1020,15655,7827.5,7827.5,4674.05885982513
1021,24420,6105,5462,4777.65206225713
1022,188263,62754.3333333333,27890,4481.32603112856
1023,4185,4185,4185,4185
1024,9234.48,3078.16,4055.48,3078.16
1025,2207,2207,2207,2207
1026,6120,2040,2466,2040
1027,0,0,NA,1914.58984375
1028,8546,8546,8546,1882.005859375
1029,1912,956,956,1849.421875
1030,4092,2046,2046,2046
1031,0,0,NA,3443.5
1032,9682,4841,4841,4841
1033,4685,4685,4685,4685
1034,0,0,NA,4816.25
1035,9895,4947.5,4947.5,4013.125
1036,3210,3210,3210,3210
1037,14148,3537,2612,3537
1038,369,369,369,2933.5
1039,6990,2330,1502,2330
1040,7588,3794,3794,3794
1041,556,556,556,3959.22591400146
1042,47575,47575,47575,3943.44350814819
1043,198998,198998,198998,3927.66110229492
1044,1496,1496,1496,3487.07421875
1045,1478,1478,1478,2564.537109375
1046,3284,1642,1642,2722.1710546875
1047,34274,6854.8,1922,2879.805
1048,4117.61,4117.61,4117.61,3095.4025
1049,6622,3311,3311,3311
1050,5966,1988.66666666667,1986,2924.875
1051,10266,3422,1312,2538.75
1052,0,0,NA,1711
1053,0,0,NA,1709.40625
1054,310,310,310,1777.703125
1055,236,236,236,1846
1056,10146,3382,3714,1868.5
1057,17354,5784.66666666667,7744,1891
1058,400,400,400,1398.6875
1059,0,0,NA,1405.71875
1060,0,0,NA,1412.75
1061,5251,2625.5,2625.5,2625.5
1062,0,0,NA,1833.75
1063,1042,1042,1042,2042.625
1064,0,0,NA,2251.5
1065,6922,3461,3461,2481.09375
1066,0,0,NA,2710.6875
1067,3234,3234,3234,2621.875
1068,0,0,NA,2227
1069,1220,1220,1220,1220
1070,98098,98098,98098,1081.6015625
1071,0,0,NA,1020.75390625
1072,0,0,NA,1013.876953125
1073,11307,3769,3960,1007
1074,2014,2014,2014,2014
1075,0,0,NA,1489.375
1076,10764,3588,4380,1709.4375
1077,3859,1929.5,1929.5,1929.5
1078,10504,3501.33333333333,2224,2117.5
1079,9222,2305.5,2371,2305.5
1080,4194,4194,4194,1960.125
1081,8307,4153.5,4153.5,1614.75
1082,0,0,NA,1742.875
1083,1871,1871,1871,1871
1084,11925,5962.5,5962.5,2169.5
1085,4936,2468,2468,2468
1086,102737,34245.6666666667,26293,2531.31640625
1087,12093,6046.5,6046.5,2594.6328125
1088,4118,4118,4118,1861.453125
1089,0,0,NA,1516.80989583333
1090,17591,8795.5,8795.5,1930.57161458333
1091,7033,2344.33333333333,2943,2344.33333333333
1092,109428,36476,2436,2374.50019836426
1093,7683,3841.5,3841.5,2404.66706339518
1094,3516,3516,3516,2357.50868733724
1095,6780,3390,3390,2249.61458333333
1096,1152,1152,1152,1226.30729166667
1097,203,203,203,869.872395833333
1098,90908,90908,90908,1033.21712239583
1099,0,0,NA,1196.56184895833
1100,36,36,36,1546.25
1101,0,0,NA,1529.0625
1102,12023,6011.5,6011.5,1511.875
1103,0,0,NA,1238.91796875
1104,76434,19108.5,3421,965.9609375
1105,0,0,NA,1175.984375
1106,3948,1974,1974,1569.82552083333
1107,11720,3906.66666666667,3328,1761.57942708333
1108,83226,41613,41613,1369.123046875
1109,0,0,NA,976.666666666667
1110,0,0,NA,1449.33333333333
1111,1922,1922,1922,1922
1112,0,0,NA,961
1113,8154,4077,4077,747.2265625
1114,0,0,NA,714.8173828125
1115,0,0,NA,706.40869140625
1116,7435,2478.33333333333,2440,1051.20434570312
1117,2792,1396,1396,1396
1118,6913.54,2304.51333333333,2570,1748.96166666667
1119,9047,4523.5,4523.5,1824.1475
1120,5698,1899.33333333333,2706,1899.33333333333
1121,3712,1856,1856,1856
1122,5940,2970,2970,1665.245
1123,0,0,NA,1474.49
1124,2020.98,2020.98,2020.98,2020.98
1125,2907,2907,2907,2092.1125
1126,0,0,NA,2163.245
1127,3316,3316,3316,2329.278125
1128,8460,4230,4230,2250.578203125
1129,2464,2464,2464,2171.87828125
1130,0,0,NA,1947.1175
1131,3882,3882,3882,1430.235
1132,5720.94,2860.47,2860.47,2071.764375
1133,20454,20454,20454,2078.367421875
1134,7404,3702,3702,2084.97046875
1135,17717,4429.25,4491,1851
1136,0,0,NA,1828.01822916667
1137,9911,3303.66666666667,2380,1805.03645833333
1138,7493,3746.5,3746.5,1675.44791666667
1139,1286,643,643,1396.91666666667
1140,12,12,12,1493.82291666667
1141,0,0,NA,1590.72916666667
1142,3968,1984,1984,1741.36458333333
1143,0,0,NA,1770.68229166667
1144,3600,1800,1800,1800
1145,0,0,NA,1072
1146,95262,95262,95262,1057.65625
1147,688,688,688,1043.3125
1148,7212,3606,3606,1064.5
1149,2882,1441,1441,1441
1150,1180,1180,1180,1180
1151,2473,2473,2473,1350
1152,1520,1520,1520,1520
1153,3262,3262,3262,1372
1154,0,0,NA,1224
1155,1688,1688,1688,1688
1156,1110,1110,1110,1110
1157,0,0,NA,0
1158,0,0,NA,0
1159,13698,4566,5748,898
1160,1796,1796,1796,1796
1161,6306,3153,3153,6540.0625
1162,67766,67766,67766,7243.7890625
1163,10380,10380,10380,7267.21381001268
1164,7435,7435,7435,7278.87782299006
1165,24060,24060,24060,7279.89992480032
1166,14792,7396,7396,7278.94996240016
1167,7278,7278,7278,7278
1168,2519,1259.5,1259.5,1259.5
1169,5235,1745,2171,1745
1170,3987,3987,3987,3987
1171,35510,35510,35510,3104
1172,8884,2221,2633,2221
1173,3982,1991,1991,1991
1174,1244,1244,1244,1244
1175,9831,2457.75,2462,2457.75
1176,132887,33221.75,25802,2181.54166666667
1177,5716,1905.33333333333,2200,1905.33333333333
1178,11160,2790,2448,2790
1179,10739,5369.5,5369.5,2786.375
1180,56,56,56,2782.75
1181,196,196,196,2680.96875
1182,5980,2990,2990,2579.1875
1183,51853,51853,51853,2272
1184,3108,1554,1554,1554
1185,998,998,998,1435.125
1186,974,974,974,1316.25
1187,3269,1634.5,1634.5,1634.5
1188,175832,58610.6666666667,69144,1490.75
1189,2694,1347,1347,1347
1190,3316,1658,1658,1658
1191,125631,41877,4635,2149.94173177083
1192,70178,70178,70178,2375.58089192708
1193,6298,3149,3149,2331.12377929688
1194,6860,2286.66666666667,2950,2286.66666666667
1195,8841,4420.5,4420.5,1589.33333333333
1196,1784,892,892,1657.08333333333
1197,0,0,NA,1724.83333333333
1198,5310,2655,2655,1611.91666666667
1199,1499,1499,1499,1499
1200,4534,1511.33333333333,1772,1511.33333333333
1201,15476,7738,7738,1718.58333333333
1202,3096,3096,3096,1925.83333333333
1203,140826,46942,27770,1548
1204,0,0,NA,1167
1205,0,0,NA,786
1206,0,0,NA,798
1207,2418,1209,1209,1209
1208,4967,4967,4967,710.5
1209,212,212,212,645.9453125
1210,10272,3424,2885,643.80078125
1211,0,0,NA,641.65625
1212,1594,797,797,797
1213,4506,1502,1776,1050.625
1214,162,162,162,1304.25
1215,0,0,NA,1106.5
1216,17505,5835,7462,1204.3125
1217,8204,4102,4102,1302.125
1218,0,0,NA,1247.3125
1219,18580,6193.33333333333,4622,1192.5
1220,10688,5344,5344,1118.5625
1221,4832,4832,4832,1044.625
1222,888,444,444,444
1223,4482,4482,4482,1342.5
1224,53720,26860,26860,671.25
1225,0,0,NA,440.125
1226,418,209,209,393.5625
1227,347,347,347,347
1228,0,0,NA,0
1229,19901,9950.5,9950.5,1739.19140625
1230,107883,35961,5626,1932.82069701701
1231,8663,4331.5,4331.5,2029.33651732281
1232,8311,4155.5,4155.5,2030.75076624242
1233,2346,2346,2346,2031.37538312121
1234,2032,2032,2032,2032
1235,4902,2451,2451,1016
1236,0,0,NA,0
1237,1278,1278,1278,1278
1238,6760.58,3380.29,3380.29,639
1239,0,0,NA,0
1240,49990,49990,49990,737
1241,1474,1474,1474,368.5
1242,0,0,NA,0
1243,0,0,NA,0
1244,5036,1678.66666666667,1556,0
1245,0,0,NA,0
1246,3181,1590.5,1590.5,322.745
1247,645.49,645.49,645.49,645.49
1248,0,0,NA,702.890833333333
1249,31193,15596.5,15596.5,760.291666666667
1250,14563,4854.33333333333,5606,687.145833333333
1251,614,614,614,614
1252,0,0,NA,684
1253,754,754,754,754
1254,0,0,NA,726.4375
1255,4676,4676,4676,698.875
1256,18075,9037.5,9037.5,565.984375
1257,2372,2372,2372,433.09375
1258,0,0,NA,371.796875
1259,4968,1242,1264,310.5
1260,3298,3298,3298,621
1261,0,0,NA,577.75
1262,4889,4889,4889,534.5
1263,4276,1069,849,622.578125
1264,1854,1854,1854,638.8203125
1265,2894,2894,2894,655.0625
1266,0,0,NA,463.5
1267,0,0,NA,408.921875
1268,122507,40835.6666666667,2108,354.34375
1269,0,0,NA,476.9375
1270,3352,3352,3352,447.96875
1271,272189,90729.6666666667,6443,419
1272,0,0,NA,538.5
1273,1316,658,658,658
1274,0,0,NA,329
1275,0,0,NA,487.5
1276,646,646,646,646
1277,910,910,910,910
1278,10350,10350,10350,455
1279,0,0,NA,708.53515625
1280,6133,6133,6133,962.0703125
1281,70276,70276,70276,783.355143229167
1282,22811,7603.66666666667,4289,604.639973958333
1283,0,0,NA,481.319986979167
1284,358,358,358,358
1285,11451,3817,3062,179
1286,0,0,NA,222
1287,8950,8950,8950,265
1288,530,530,530,530
1289,8807,4403.5,4403.5,573.234375
1290,6740,3370,3370,616.46875
1291,1202,1202,1202,563.75
1292,0,0,NA,0
1293,541,270.5,270.5,270.5
1294,4412,4412,4412,530.4814453125
1295,4560,4560,4560,596.53955078125
1296,2600,2600,2600,420.269775390625
1297,244,244,244,244
1298,0,0,NA,0
1299,32777,10925.6666666667,14763,0
1300,0,0,NA,0
1301,64903,32451.5,32451.5,635.8125
1302,10173,5086.5,5086.5,317.90625
1303,0,0,NA,0
1304,0,0,NA,0
1305,0,0,NA,0
1306,4666,2333,2333,0
1307,0,0,NA,0
1308,754,754,754,0
1309,0,0,NA,0
1310,0,0,NA,0
1311,136009,68004.5,68004.5,662.03125
1312,10772,2693,1514,666.523812294006
1313,2982,1491,1491,671.016374588013
1314,1756,1756,1756,644.49006652832
1315,1969,1969,1969,433.396026611328
1316,0,0,NA,0
1317,852,852,852,0
1318,0,0,NA,0
1319,55910,55910,55910,344.53125
1320,5226,5226,5226,689.0625
1321,2995,998.333333333333,1394,344.53125
1322,0,0,NA,0
1323,0,0,NA,0
1324,0,0,NA,0
1325,0,0,NA,0
1326,0,0,NA,0
1327,2202,734,880,183.5
1328,23483,7827.66666666667,8412,367
1329,0,0,NA,0
1330,4954,2477,2477,357.951171875
1331,2886,1443,1443,421.448181152344
1332,1398,1398,1398,428.605316162109
1333,9283,4641.5,4641.5,371.302658081055
1334,314,314,314,314
1335,2542,1271,1271,157
1336,0,0,NA,0
1337,8048,8048,8048,0
1338,0,0,NA,0
1339,0,0,NA,0
1340,2424,2424,2424,0
1341,0,0,NA,0
1342,0,0,NA,0
1343,2260,2260,2260,462.08631978929
1344,69428,34714,34714,537.870342073962
1345,13726,13726,13726,613.654364358634
1346,23177,11588.5,11588.5,571.161782622337
1347,0,0,NA,0
1348,368,368,368,368
1349,6628,6628,6628,184
1350,0,0,NA,0
1351,436,436,436,182.5625
1352,9281,9281,9281,365.125
1353,5056,2528,2528,294.25
1354,0,0,NA,0
1355,2862,2862,2862,402
1356,289422,96474,84971,354
1357,714,714,714,306
1358,54,54,54,54
1359,0,0,NA,0
1360,0,0,NA,0
1361,0,0,NA,0
1362,100681,100681,100681,317.20703125
1363,81205,40602.5,40602.5,158.603515625
1364,0,0,NA,0
1365,3738,3738,3738,189.6796875
1366,32406,16203,16203,275.51171875
1367,524,524,524,268.755859375
1368,4051,2025.5,2025.5,262
1369,0,0,NA,0
1370,10235,5117.5,5117.5,0
1371,0,0,NA,0
1372,0,0,NA,0
1373,1956,1956,1956,0
1374,0,0,NA,0
1375,0,0,NA,0
1376,3375,1687.5,1687.5,0
1377,0,0,NA,0
1378,0,0,NA,0
1379,6359,6359,6359,0
1380,0,0,NA,0
1381,1442,1442,1442,237.75
1382,1902,1902,1902,118.875
1383,0,0,NA,0
1384,4118,4118,4118,0
1385,0,0,NA,0
1386,3586,3586,3586,66.1875
1387,8472,8472,8472,132.375
1388,0,0,NA,0
1389,31009,10336.3333333333,6654,0
1390,0,0,NA,0
1391,812,812,812,148
1392,698,698,698,195.5
1393,243,243,243,193.18359375
1394,4019,2009.5,2009.5,190.8671875
1395,9350,9350,9350,138.734375
1396,0,0,NA,0
1397,431,431,431,95.1397392749786
1398,13695,13695,13695,99.8507867231965
1399,5037,5037,5037,104.561834171414
1400,3146,3146,3146,71.7489600479603
1401,0,0,NA,0
1402,11282,11282,11282,0
1403,0,0,NA,0
1404,0,0,NA,0
1405,1382,1382,1382,0
1406,0,0,NA,0
1407,0,0,NA,0
1408,0,0,NA,0
1409,0,0,NA,0
1410,0,0,NA,0
1411,444,222,222,0
1412,0,0,NA,0
1413,2990,2990,2990,0.095947265625
1414,786,786,786,0.19189453125
1415,0,0,NA,0
1416,4747,2373.5,2373.5,0
1417,0,0,NA,0
1418,363,363,363,0
1419,0,0,NA,0
1420,0,0,NA,0
1421,0,0,NA,0
1422,0,0,NA,0
1423,0,0,NA,0
1424,0,0,NA,0
1425,2494,2494,2494,2.435546875
1426,55187,27593.5,27593.5,4.87109375
1427,0,0,NA,0
1428,0,0,NA,0
1429,0,0,NA,0
1430,3966,3966,3966,29.775390625
1431,2162,1081,1081,38.7978515625
1432,120,120,120,19.39892578125
1433,0,0,NA,0
1434,0,0,NA,0
1435,7162,3581,3581,33.1142578125
1436,372,372,372,43.0174153645833
1437,13654,4551.33333333333,4564,21.5087076822917
1438,0,0,NA,0
1439,0,0,NA,0
1440,0,0,NA,0
1441,1340,1340,1340,0
1442,0,0,NA,0
1443,0,0,NA,0
1444,0,0,NA,0
1445,0,0,NA,0
1446,925,925,925,0
1447,0,0,NA,0
1448,0,0,NA,0
1449,125592,125592,125592,0.0273818969726562
1450,14356,14356,14356,0.0547637939453125
1451,0,0,NA,0
1452,14999,14999,14999,0.0539093017578125
1453,7066,7066,7066,0.0269546508789062
1454,0,0,NA,0
1455,8048,8048,8048,0
1456,0,0,NA,0
1457,0,0,NA,0
1458,0,0,NA,0
1459,982,982,982,0
1460,0,0,NA,0
1461,0,0,NA,0
1462,0,0,NA,0
1463,0,0,NA,0
1464,0,0,NA,0
1465,0,0,NA,0
1466,216,216,216,0
1467,0,0,NA,0
1468,0,0,NA,0
1469,862,862,862,0.0694761726772413
1470,314,314,314,0.0569851991458563
1471,944,944,944,0.0284925995729282
1472,0,0,NA,0
1473,0,0,NA,0
1474,0,0,NA,0
1475,579,579,579,0
1476,0,0,NA,0
1477,0,0,NA,0
1478,0,0,NA,0
1479,0,0,NA,0
1480,0,0,NA,0
1481,0,0,NA,0
1482,0,0,NA,0
1483,0,0,NA,0
1484,0,0,NA,0
1485,0,0,NA,0
1486,0,0,NA,0
1487,0,0,NA,0
1488,0,0,NA,0
1489,0,0,NA,0
1490,0,0,NA,0
1491,0,0,NA,0
1492,0,0,NA,0
1493,0,0,NA,0
1494,0,0,NA,0
1495,0,0,NA,0
1496,0,0,NA,0
1497,0,0,NA,0
1498,0,0,NA,0
1499,0,0,NA,0
1500,0,0,NA,0
