301,1382571,345642.75,238245.5,265608.910714286
302,268569,67142.25,62008,245099.336347307
303,143228,71614,71614,241448.392411368
304,152468,76234,76234,242571.276507105
305,953965,238491.25,58251,243694.160602842
306,989674,247418.5,73670.5,247418.5
307,685890,685890,685890,352095.75
308,1827092,456773,461219,365335.875
309,1236727,154590.875,63403.5,332857.4375
310,901137,300379,71726,300379
311,684574,684574,684574,283580
312,800343,266781,26348,298234.99375
313,1349983,269996.6,234819,312889.9875
314,56506,56506,56506,348991.675
315,1711947,427986.75,364484.5,329053.9625
316,1236465,309116.25,189560,309116.25
317,1189330,396443.333333333,478113,350525.020833333
318,2393993,478798.6,666852,368974.635416667
319,1612798,403199.5,413433,372000.859375
320,882710,441355,441355,359427.763020833
321,2081128,346854.666666667,201948,346854.666666667
322,1451742,725871,725871,312771.666666667
323,836066,278688.666666667,78787,318307.107142857
324,243139,121569.5,121569.5,323842.547619048
325,2582975,368996.428571429,200236,368996.428571429
326,1289985,429995,618807,314294.080357143
327,186273,93136.5,93136.5,301205.540178571
328,864351,288117,100258,288117
329,1438500,287700,62606,287700
330,2590888,518177.6,699024,362946.4
331,518356,86392.6666666667,65491,360577.2
332,716416,358208,358208,358208
333,163908,54636,58669,311313.558333333
334,430859,86171.8,61077,308980.945833333
335,919945,306648.333333333,92531,306648.333333333
336,837151,418575.5,418575.5,333091.708333333
337,747936,186984,85063,359535.083333333
338,1416762,472254,656580,369818.421223958
339,1386021,462007,581123,372730.287434896
340,1362328,681164,681164,375642.153645833
341,709603,354801.5,354801.5,354801.5
342,1243415,248683,107426,248683
343,871807,435903.5,435903.5,306276.708333333
344,1400370,466790,604263,363870.416666667
345,875512,291837.333333333,157867,291837.333333333
346,0,0,NA,225769.738095238
347,1117915,159702.142857143,87073,219611.137276786
348,0,0,NA,213452.536458333
349,231869,115934.5,115934.5,225326.47172619
350,188950,94475,94475,252327.25
351,777440,388720,388720,256489.958333333
352,781958,260652.666666667,161119,260652.666666667
353,1999107,666369,626100,218989.427083333
354,229283,76427.6666666667,64414,202550.817708333
355,243338,81112.6666666667,111681,224974.408854167
356,742194,247398,110895,247398
357,1309677,327419.25,352087.5,273543.328125
358,2645151,440858.5,603435.5,272750.6953125
359,0,0,NA,271958.0625
360,431987,215993.5,215993.5,215993.5
361,0,0,NA,186699.5875
362,0,0,NA,157405.675
363,1034073,206814.6,128415,206814.6
364,286925,143462.5,143462.5,143462.5
365,110772,110772,110772,128148.986002604
366,1218988,609494,609494,121523.96500651
367,331747,82936.75,75507,120841.300211589
368,1387363,462454.333333333,648485,120158.635416667
369,1722,1722,1722,157380.520833333
370,817295,272431.666666667,167071,179291.239257812
371,852631,284210.333333333,134407,178974.500058492
372,1392272,464090.666666667,643865,178657.760859172
373,854653,427326.5,427326.5,177884.208333333
374,0,0,NA,159175.770833333
375,421402,140467.333333333,141380,140467.333333333
376,820622,273540.666666667,122027,146921.958333333
377,1473437,368359.25,349456.5,153376.583333333
378,66425,33212.5,33212.5,107144.416666667
379,9024,9024,9024,104929.260416667
380,88612,88612,88612,102714.104166667
381,307043,76760.75,66105.5,107550
382,126488,126488,126488,126488
383,252776,126388,126388,126388
384,564079,564079,564079,149759.875
385,1672468,418117,356494,151732.675
386,74011,74011,74011,153705.475
387,671396,134279.2,125889,134279.2
388,158826,52942,32358,109344.766666667
389,253231,84410.3333333333,50190,149074.616666667
390,1648339,329667.8,54596,123865.925
391,1465993,293198.6,133771,117761.020833333
392,8510,8510,8510,111656.116666667
393,1147901,382633.666666667,184463,124655
394,963200,240800,124246,106180
395,87705,87705,87705,130946.333333333
396,467138,155712.666666667,131131,131375.358333333
397,1445326,289065.2,201914,131804.383333333
398,107206,53603,53603,135248.691666667
399,138693,138693,138693,138693
400,307023,102341,104422,151507.53125
401,784054,392027,392027,164322.0625
402,1548830,387207.5,367808.5,160519.072265625
403,207832,207832,207832,156716.08203125
404,817150,272383.333333333,75062,147801.5
405,175542,87771,87771,132412.8125
406,851528,425764,425764,139345.03125
407,1321311,440437,594523,146277.25
408,56901,28450.5,28450.5,150996.71875
409,692676,173169,121263,151352.984375
410,1103679,183946.5,125098.5,151709.25
411,260499,130249.5,130249.5,130249.5
412,1720642,344128.4,210105,129505.354166667
413,300388,100129.333333333,97678,128761.208333333
414,284666,142333,142333,130424.979166667
415,585429,292714.5,292714.5,132088.75
416,243689,121844.5,121844.5,121844.5
417,599521,119904.2,136942,119904.2
418,876882,292294,209388,125207.725
419,522045,130511.25,131324,130511.25
420,912136,228034,86886,136001.2578125
421,177249,177249,177249,141491.265625
422,1241931,206988.5,129497,129102.40625
423,155541,77770.5,77770.5,132758.47265625
424,389567,97391.75,90129.5,136414.5390625
425,319164,159582,159582,138089.76953125
426,787898,262632.666666667,135766,129018.884765625
427,359844,119948,105762,119948
428,0,0,NA,121040.55859375
429,93572,93572,93572,122133.1171875
430,231598,115799,115799,126439.046875
431,136065,136065,136065,106033.565104167
432,0,0,NA,85628.0833333333
433,555160,555160,555160,78005.2083333333
434,211147,70382.3333333333,74920,75911.6239420573
435,0,0,NA,73818.0395507812
436,966918,322306,100733,77253.7457682292
437,0,0,NA,88210.556640625
438,222198,111099,111099,111099
439,107214,107214,107214,107214
440,888359,296119.666666667,137992,79021
441,50828,50828,50828,86079.5
442,93138,93138,93138,93138
443,0,0,NA,105030.083333333
444,824686,164937.2,83413,116922.166666667
445,395194,131731.333333333,158678,104806.733333333
446,79229,79229,79229,116401.851041667
447,554300,554300,554300,127996.96875
448,1261016,315254,283047.5,142142.671875
449,1513140,302628,162048,145236.611328125
450,125284,62642,62642,148330.55078125
451,959635,239908.75,141155,140372.7265625
452,785075,785075,785075,125894.301757812
453,1262436,420812,559932,111415.876953125
454,223145,55786.25,52726,135263.771809896
455,477335,159111.666666667,190438,135346.885904948
456,406290,135430,97419,135430
457,402754,134251.333333333,151779,134251.333333333
458,816597,408298.5,408298.5,117995.833333333
459,0,0,NA,127175.416666667
460,545420,136355,138776,136355
461,171221,171221,171221,136163
462,407913,135971,139115,135971
463,896390,149398.333333333,93601.5,127847.114583333
464,360069,90017.25,101248,119723.229166667
465,177935,59311.6666666667,45790,125805.143229167
466,90079,90079,90079,116115.419270833
467,476619,158873,170371,106425.6953125
468,242893,80964.3333333333,91049,80964.3333333333
469,289108,72277,73125.5,77139.1264322917
470,872531,290843.666666667,76616,75744.9827473958
471,129681,64840.5,64840.5,76973.1429361979
472,275555,68888.75,82525.5,78201.303125
473,1045379,261344.75,193450.5,86708.04375
474,1253,1253,1253,104527.3375
475,869919,173983.8,106847,120280.356616211
476,22868,22868,22868,121676.520391083
477,163218,163218,163218,119965.197028732
478,761392,190348,127100.5,118253.873666382
479,1611758,322351.6,148966,105406
480,20464,20464,20464,98610.5833333333
481,41118,41118,41118,104489.458333333
482,331105,110368.333333333,94126,110368.333333333
483,245844,122922,122922,109391.291666667
484,806998,161399.6,56064,108414.25
485,375626,93906.5,96239,107680.791666667
486,320842,106947.333333333,92681,106947.333333333
487,272134,90711.3333333333,87172,103230
488,837845,209461.25,115359,99512.6666666667
489,108314,108314,108314,108314
490,201610,100805,100805,100805
491,595235,119047,132222,105571
492,110337,110337,110337,105718.625
493,168651,84325.5,84325.5,105866.25
494,141002,141002,141002,101395.5
495,236931,118465.5,118465.5,105649.125
496,1090450,272612.5,145136.5,103494.5625
497,202680,101340,101340,101340
498,596099,298049.5,298049.5,99765.2265625
499,218653,72884.3333333333,65836,98190.453125
500,644439,322219.5,322219.5,101170.78125
501,327637,109212.333333333,113333,101166.587651571
502,150972,150972,150972,101162.394053141
503,926460,231615,154268,97519.0684661865
504,0,0,NA,96884.5770797729
505,311839,77959.75,79800,96250.0856933594
506,505750,101150,99398,101150
507,542761,108552.2,109262,103953.55
508,183214,91607,91607,104457.775
509,209924,104962,104962,104962
510,230679,76893,52465,102435.25
511,199817,99908.5,99908.5,99908.5
512,280808,70202,67100.5,100183.520833333
513,379069,126356.333333333,148755,100458.541666667
514,263354,87784.6666666667,86636,99149.8489583333
515,1257068,251413.6,169377,98977.6744791667
516,197611,98805.5,98805.5,98805.5
517,702046,117007.666666667,110711.5,101569.372395833
518,306279,76569.75,81571.5,104333.244791667
519,215465,107732.5,107732.5,103078.697916667
520,59923,59923,59923,99497.25
521,91262,91262,91262,99112.2395833333
522,134989,134989,134989,98727.2291666667
523,240634,80211.3333333333,82969,104210.614583333
524,109694,109694,109694,104188.057291667
525,208331,104165.5,104165.5,104165.5
526,68131,34065.5,34065.5,104083.25
527,104001,104001,104001,104001
528,124738,62369,62369,99559.6041666667
529,251864,83954.6666666667,101023,97909.09375
530,367569,122523,103117,96258.5833333333
531,278254,69563.5,48799.5,95430.2916666667
532,94602,94602,94602,94602
533,0,0,NA,98664.25
534,410906,102726.5,99341.5,102726.5
535,707946,117991,112487,117991
536,698790,174697.5,81909,119950.374674479
537,1067536,355845.333333333,123840,121909.749348958
538,111647,55823.5,55823.5,119466.12890625
539,412453,206226.5,206226.5,112130.291666667
540,0,0,NA,121388.979166667
541,391943,130647.666666667,134025,91643.4829991659
542,0,0,NA,77372.4835395813
543,0,0,NA,63101.4840799967
544,0,0,NA,70371.955871582
545,261684,87228,88695,87228
546,993952,198790.4,125354,88675.1666666667
547,540734,90122.3333333333,83741.5,90122.3333333333
548,50719,50719,50719,71645.0833333333
549,1239234,177033.428571429,107541,63630.875
550,166850,55616.6666666667,49105,87139.2708333333
551,331943,110647.666666667,111229,79010.8854166667
552,141765,70882.5,70882.5,70882.5
553,498489,498489,498489,75124.9625
554,127480,127480,127480,79367.425
555,297768,59553.6,61331,71393.15
556,51651,51651,51651,69338.65
557,152221,50740.3333333333,49465,67284.15
558,238264,79421.3333333333,50236,79421.3333333333
559,535936,535936,535936,83061.3645833333
560,296905,98968.3333333333,107085,83634.6614583333
561,602840,120568,127107,84207.9583333333
562,0,0,NA,69447.5833333333
563,268233,89411,115465,70738.2916666667
564,199312,39862.4,45866,72029
565,897063,179412.6,110268,70730.3
566,0,0,NA,69431.6
567,237864,118932,118932,82359.4666666667
568,285862,95287.3333333333,110818,83113.1213541667
569,109929,109929,109929,83866.7760416667
570,848941,282980.333333333,142877,80100.6104166667
571,119253,119253,119253,71122
572,55306,27653,27653,71250.5
573,582828,145707,132601,71379
574,230210,115105,115105,69277.75
575,134353,67176.5,67176.5,67176.5
576,254099,63524.75,43033,63031.75
577,117774,58887,58887,58887
578,49800,49800,49800,57029
579,110136,110136,110136,58785.5
580,60542,60542,60542,60542
581,86197,86197,86197,48958.75
582,0,0,NA,46719.375
583,44480,44480,44480,44480
584,198787,99393.5,99393.5,99393.5
585,254980,127490,127490,103175.347040157
586,343840,114613.333333333,101342,101968.24048006
587,733863,366931.5,366931.5,100761.133919963
588,623396,311698,311698,96479.108572868
589,348123,87030.75,77689.5,87030.75
590,131378,43792.6666666667,45985,74699.1291666667
591,218240,109120,109120,77820.7395833333
592,64726,32363,32363,80942.35
593,782509,195627.25,132312,77054.375
594,365832,73166.4,81288,73166.4
595,186110,62036.6666666667,40137,74581.95
596,151995,75997.5,75997.5,76057.975
597,152113,50704.3333333333,33761,77534
598,316282,79070.5,94237.5,79070.5
599,0,0,NA,82216
600,341446,85361.5,94232,85361.5
601,55004,55004,55004,82265
602,158337,79168.5,79168.5,84418.8708333333
603,517669,103533.8,113152,86572.7416666667
604,385966,128655.333333333,126471,85496.4541666667
605,1473,1473,1473,84420.1666666667
606,1282569,183224.142857143,79650,81658.5833333333
607,236691,78897,80129,83501.0846354167
608,217867,54466.75,39444,85343.5859375
609,105199,105199,105199,86503.4382324219
610,106354,35451.3333333333,41226,87663.2905273438
611,90636,90636,90636,85951.7702636719
612,630444,126088.8,80112,84240.25
613,311378,77844.5,93905,85201.25
614,109320,109320,109320,84051.1875
615,0,0,NA,82901.125
616,79640,79640,79640,79640
617,139095,69547.5,69547.5,80096.625
618,577095,192365,100875,80553.25
619,274677,91559,100590,84083.71875
620,273898,136949,136949,83876.546875
621,395910,98977.5,108793,83669.375
622,144141,72070.5,72070.5,79802.3958333333
623,759485,253161.666666667,121083,79801.3645833333
624,239401,79800.3333333333,92128,79800.3333333333
625,353428,117809.333333333,103394,83773.0666666667
626,438729,87745.8,92088,83765.8666666667
627,43914,43914,43914,83758.6666666667
628,518369,103673.8,104852,78755.9083333333
629,0,0,NA,79354.1166666667
630,87665,43832.5,43832.5,79952.325
631,172303,86151.5,86151.5,84166.07265625
632,209047,104523.5,104523.5,84343.900390625
633,186142,93071,93071,84521.728125
634,764036,254678.666666667,186037,80833.5307291667
635,59707,59707,59707,83578.50979894
636,233705,77901.6666666667,61917,86323.4888687134
637,322110,107370,111887,89756.7237993876
638,311956,103985.333333333,101112,90457.0473957062
639,88407,44203.5,44203.5,88711.3778645197
640,219110,109555,109555,86965.7083333333
641,268645,67161.25,60176.5,85624.784375
642,314518,104839.333333333,111967,84283.8604166667
643,363326,72665.2,60490,83193.6752604167
644,0,0,NA,83156.3376302083
645,83119,83119,83119,83119
646,213932,53483,43450,85017.375
647,347663,86915.75,102288,86915.75
648,874567,218641.75,146520,88864.5416666667
649,272440,90813.3333333333,105958,89835.4647216797
650,224406,112203,112203,90806.3877766927
651,41987,41987,41987,90799.4422200521
652,362919,90729.75,102598,90729.75
653,99474,99474,99474,83441.7083333333
654,228461,76153.6666666667,63392,83447.0208333333
655,250357,83452.3333333333,74429,83452.3333333333
656,257044,85681.3333333333,93107,85681.3333333333
657,110459,110459,110459,95606.7916666667
658,422129,105532.25,95482,95016.2083333333
659,161902,40475.5,29676.5,94425.625
660,83319,83319,83319,83319
661,235389,117694.5,117694.5,84518.6510009766
662,0,0,NA,85718.3020019531
663,144635,48211.6666666667,56130,90703.1437174479
664,406391,101597.75,94577,101597.75
665,3556,3556,3556,102999.34375
666,111018,111018,111018,102746.671875
667,204988,102494,102494,102494
668,111175,55587.5,55587.5,98588.3333333333
669,284048,94682.6666666667,111844,94682.6666666667
670,356465,118821.666666667,113962,104312.25
671,1085045,217009,125483,101495.703125
672,109062,109062,109062,98679.15625
673,139303,69651.5,69651.5,90671.1875
674,0,0,NA,87671.9928385417
675,299637,74909.25,48913.5,87113.6852213542
676,326442,54407,56069.5,86555.3776041667
677,271172,90390.6666666667,93836,90390.6666666667
678,129722,32430.5,29645,97432.9583333333
679,417901,104475.25,101864.5,91726.2791666667
680,430098,86019.6,93510,86019.6
681,270026,135013,135013,91013.2083333333
682,130318,65159,65159,92680.85
683,698546,116424.333333333,122838,94348.4916666667
684,0,0,NA,92690.1666666667
685,137912,68956,68956,91541.9583333333
686,361575,90393.75,103927.5,83357.0666666667
687,42504,42504,42504,75172.175
688,0,0,NA,59950.6
689,386986,77397.2,97277,77397.2
690,106018,53009,53009,66594.4037109375
691,67797,33898.5,33898.5,62584.3092773438
692,0,0,NA,58574.21484375
693,248355,49671,50081,66839.0859375
694,167376,83688,83688,83688
695,173397,173397,173397,63823.5
696,87918,43959,43959,62725.5424107143
697,84422,42211,42211,62598.4140625
698,437299,62471.2857142857,59207,62471.2857142857
699,285478,95159.3333333333,101363,70915.1220238095
700,458170,229085,229085,79358.9583333333
701,392684,98171,97148.5,83475.75
702,60904,30452,30452,85401.7640380859
703,223253,111626.5,111626.5,86232.3892618815
704,293179,97726.3333333333,94682,87063.0144856771
705,0,0,NA,86358.0221354167
706,165632,82816,82816,83649.3444010417
707,242822,80940.6666666667,74477,80940.6666666667
708,49328,49328,49328,79093.1666666667
709,550792,183597.333333333,108289,77245.6666666667
710,315490,105163.333333333,112744,70911.84375
711,42201,42201,42201,70172.2760416667
712,50409,50409,50409,69432.7083333333
713,335197,83799.25,87917.5,71929.9166666667
714,58274,58274,58274,74427.125
715,191803,95901.5,95901.5,73131.5625
716,143672,71836,71836,71836
717,164955,54985,60997,70188.0729166667
718,42752,42752,42752,68540.1458333333
719,419597,69932.8333333333,55239,69932.8333333333
720,221707,73902.3333333333,88052,73902.3333333333
721,117721,117721,117721,73072.0833333333
722,248535,82845,86796,72241.8333333333
723,132220,66110,66110,71430.1666666667
724,124157,62078.5,62078.5,70618.5
725,225381,75127,85747,75127
726,116548,116548,116548,73299
727,142942,71471,71471,71471
728,151011,75505.5,75505.5,75505.5
729,40993,40993,40993,75394.2618001302
730,286721,95573.6666666667,106597,75283.0236002604
731,158555,79277.5,79277.5,73085.0118001302
732,141774,70887,70887,70887
733,74375,37187.5,37187.5,61205.9739583333
734,638281,106380.166666667,105527,63534.1848958333
735,0,0,NA,65862.3958333333
736,161000,161000,161000,58275.8229166667
737,202757,50689.25,36774,61674.7447916667
738,195221,65073.6666666667,86929,65073.6666666667
739,138264,69132,69132,69132
740,237885,59471.25,62140.5,59471.25
741,384463,384463,384463,59461.90625
742,448476,112119,112643.5,59452.5625
743,66220,33110,33110,57266.4453125
744,473592,236796,236796,55080.328125
745,346353,57725.5,45856.5,57725.5
746,39255,19627.5,19627.5,61325.25
747,64925,64925,64925,64925
748,320312,80078,73231.5,69369
749,147626,73813,73813,68474
750,135158,67579,67579,67579
751,145776,72888,72888,67663.8
752,338743,67748.6,49282,67748.6
753,54674,54674,54674,54674
754,204309,51077.25,51172.5,60435.0625
755,107744,107744,107744,66196.125
756,162630,81315,81315,53356.5625
757,40517,40517,40517,52833.8645833333
758,105893,105893,105893,52311.1666666667
759,192316,64105.3333333333,41268,54678.2916666667
760,157629,78814.5,78814.5,57045.4166666667
761,0,0,NA,49476.8854166667
762,42313,21156.5,21156.5,47096.3177083333
763,881529,176305.8,108402,44715.75
764,136550,68275,68275,49657.0625
765,252272,126136,126136,54598.375
766,0,0,NA,51152.1875
767,59041,29520.5,29520.5,47706
768,127166,63583,63583,54236.4375
769,0,0,NA,56093.59375
770,169312,84656,84656,57950.75
771,83564,41782,41782,46073.09375
772,0,0,NA,45934.5458984375
773,78831,39415.5,39415.5,46115.0229492188
774,92591,46295.5,46295.5,46295.5
775,354136,88534,102435.5,50867.4791666667
776,78469,26156.3333333333,19731,55439.4583333333
777,149306,74653,74653,55433
778,28721,28721,28721,55426.5416666667
779,250342,83447.3333333333,99971,56961.0416666667
780,344748,86187,85111,58495.5416666667
781,130830,65415,65415,57297.0572916667
782,196151,49037.75,28904.5,56098.5729166667
783,116861,58430.5,58430.5,58430.5
784,42131,42131,42131,57430
785,0,0,NA,56429.5
786,212184,70728,68938,57755.9375
787,0,0,NA,59082.375
788,179900,89950,89950,57010.078125
789,189393,94696.5,94696.5,57046.921875
790,185110,46277.5,45078,57083.765625
791,236919,59229.75,41030,59229.75
792,351720,70344,49420,55606.625
793,103967,51983.5,51983.5,55527.6875
794,48011,48011,48011,55448.75
795,58914,58914,58914,58914
796,446185,89237,100092,58795.3333333333
797,176030,58676.6666666667,51536,58676.6666666667
798,271291,90430.3333333333,107390,61501.9345238095
799,167550,83775,83775,59465.2529761905
800,306312,102104,102395,57428.5714285714
801,217575,31082.1428571429,18662,61035.2321428571
802,202242,101121,101121,60572.2299107143
803,100018,50009,50009,60109.2276785714
804,174001,43500.25,46039,55576.5625
805,101466,101466,101466,61144.125
806,157576,78788,78788,63325.8125
807,262030,65507.5,71362.5,65507.5
808,217362,108681,108681,65369.9166666667
809,0,0,NA,65232.3333333333
810,126301,42100.3333333333,43721,63266.25
811,39784,39784,39784,59268.5
812,229310,76436.6666666667,95734,76436.6666666667
813,120888,60444,60444,60444
814,69434,34717,34717,49127.8333333333
815,113435,37811.6666666667,34794,66418.6458333333
816,15505,15505,15505,73920.1598958333
817,518429,129607.25,55102.5,69375.2799479167
818,324152,64830.4,50556,64830.4
819,112138,112138,112138,54604.8666666667
820,133138,44379.3333333333,47480,64593.7614583333
821,179943,89971.5,89971.5,74582.65625
822,169211,169211,169211,74973.0673430562
823,110953,110953,110953,75363.4784361124
824,0,0,NA,75332.6518068314
825,247218,82406,68739,73223.3002827962
826,695658,173914.5,28915.5,64050.5
827,0,0,NA,45695
828,200748,50187,45391.5,50187
829,37649,18824.5,18824.5,46722.3333333333
830,129773,43257.6666666667,44835,51181.4166666667
831,222562,55640.5,26149.5,55640.5
832,1420,1420,1420,57415.5625
833,239520,119760,119760,55564.0208333333
834,30681,30681,30681,53712.4791666667
835,144703,48234.3333333333,17815,48234.3333333333
836,825386,275128.666666667,156237,54289.6666666667
837,120690,60345,60345,57138.5
838,245932,81977.3333333333,96172,58384.0833333333
839,0,0,NA,56295.4583333333
840,74564,37282,37282,54206.8333333333
841,146352,48784,36769,48784
842,67767,22589,15240,44438
843,40092,40092,40092,40092
844,358020,71604,72743,43609.6666666667
845,141382,47127.3333333333,48239,47127.3333333333
846,0,0,NA,42436.4583333333
847,17245,17245,17245,42870.7291666667
848,43305,43305,43305,43305
849,69034,34517,34517,42011.3333333333
850,883027,220756.75,96819,40717.6666666667
851,140755,46918.3333333333,17122,46918.3333333333
852,111526,111526,111526,49710.6666666667
853,105006,52503,52503,52503
854,117175,39058.3333333333,37098,39058.3333333333
855,51254,25627,25627,50085.8333333333
856,144958,72479,72479,54756.2281901042
857,289799,96599.6666666667,113198,56988.1433919271
858,195055,65018.3333333333,37986,59220.05859375
859,0,0,NA,58433.6666666667
860,51849,51849,51849,51849
861,122902,61451,61451,50319.625
862,72970,72970,72970,48790.25
863,140684,35171,37089,52864.9583333333
864,266689,88896.3333333333,58487,50505.9375
865,236125,78708.3333333333,93491,48146.9166666667
866,22652,22652,22652,39354.1666666667
867,0,0,NA,40659.5833333333
868,41965,41965,41965,41965
869,155529,51843,19154,42142.25
870,0,0,NA,42319.5
871,32796,32796,32796,31877.625
872,0,0,NA,29517.24609375
873,113251,113251,113251,29422.2846679688
874,46017,23008.5,23008.5,29327.3232421875
875,60273,30136.5,30136.5,30136.5
876,107581,53790.5,53790.5,38409.75
877,140049,46683,18212,39543.375
878,40677,40677,40677,40677
879,373101,124367,141708,40355.125
880,71282,71282,71282,40033.25
881,48174,24087,24087,40475.375
882,163670,40917.5,32666,40917.5
883,301400,100466.666666667,99130,43277.0625
884,228734,57183.5,58254.5,42749.90625
885,183229,91614.5,91614.5,42222.75
886,27262,27262,27262,40943.1770833333
887,270719,90239.6666666667,110273,39663.6041666667
888,13096,13096,13096,35073.708984375
889,0,0,NA,35624.6088053385
890,0,0,NA,36175.5086263021
891,38712,38712,38712,38712
892,235520,78506.6666666667,113765,41366.1458333333
893,130833,130833,130833,44020.2916666667
894,117739,39246.3333333333,40026,39246.3333333333
895,149086,37271.5,34984.5,37271.5
896,35905,35905,35905,42277.4091796875
897,269206,89735.3333333333,129559,47283.318359375
898,359052,119684,108597,52563.1917317708
899,305502,76375.5,73138.5,57843.0651041667
900,156117,78058.5,78058.5,55171.25
901,101901,33967,34041,57186.25
902,119289,119289,119289,59201.25
903,168871,84435.5,84435.5,55972.40625
904,22189,11094.5,11094.5,52743.5625
905,344489,344489,344489,61240.609375
906,259168,129584,129584,59859.888671875
907,102665,102665,102665,58479.16796875
908,103540,51770,51770,55592.6985677083
909,117847,39282.3333333333,33678,52706.2291666667
910,11678,11678,11678,53642.4583333333
911,82168,27389.3333333333,16591,55687.1666666667
912,187603,93801.5,93801.5,59948.8333333333
913,112658,56329,56329,56329
914,173311,86655.5,86655.5,59593.625
915,0,0,NA,58503.65234375
916,78122,39061,39061,57413.6796875
917,107056,35685.3333333333,33066,56040.0533854167
918,0,0,NA,54666.4270833333
919,363723,60620.5,50491,60620.5
920,102642,34214,32086,54228.0833333333
921,172235,86117.5,86117.5,57842.7083333333
922,184372,61457.3333333333,50626,58605.94375
923,137495,68747.5,68747.5,59369.1791666667
924,39223,39223,39223,57281.025
925,47570,23785,23785,54843.5625
926,210829,105414.5,105414.5,52406.1
927,405136,81027.2,90613,58799.4509765625
928,267465,133732.5,133732.5,65192.801953125
929,115453,115453,115453,63993.24140625
930,61220,61220,61220,61220
931,126235,126235,126235,57636.85
932,397759,79551.8,93029,54053.7
933,75443,37721.5,37721.5,48042.4125
934,0,0,NA,47191.58125
935,185363,46340.75,29483.5,46340.75
936,74823,37411.5,37411.5,49933.3125
937,432979,108244.75,24836,53525.875
938,29759,29759,29759,51270.9375
939,98032,49016,49016,49016
940,0,0,NA,54036.25
941,608125,121625,30028,59056.5
942,118113,118113,118113,58533.15625
943,38871,38871,38871,58009.8125
944,238472,119236,119236,67055.875
945,126990,126990,126990,69150.6875
946,142491,71245.5,71245.5,82508.84375
947,95867,95867,95867,76193.671875
948,139757,69878.5,69878.5,69878.5
949,206131,68710.3333333333,49728,68710.3333333333
950,17269,17269,17269,77027.5416666667
951,341379,85344.75,87232.5,81744.0094401042
952,241776,120888,120888,83362.0001627604
953,0,0,NA,84979.9908854167
954,229842,76614,71644,76614
955,114624,38208,48306,64358.75
956,145228,36307,44963.5,52103.5
957,197997,65999,33279,65999
958,12484,12484,12484,55572.09375
959,39030,19515,19515,59562.16796875
960,460368,153456,53700,63552.2421875
961,8976,8976,8976,75551.75
962,136858,136858,136858,82438.0416666667
963,267973,89324.3333333333,100186,89324.3333333333
964,529097,176365.666666667,114548,55811.6666666667
965,44598,22299,22299,55482.8997395833
966,99219,49609.5,49609.5,55154.1328125
967,0,0,NA,57597.6822916667
968,131602,65801,65801,65801
969,110998,36999.3333333333,42220,81950.5
970,98100,98100,98100,84898.0267333984
971,321178,107059.333333333,130559,87845.5534667969
972,258139,129069.5,129069.5,85701.3334960938
973,473766,157922,121502,77428.7333984375
974,120965,60482.5,60482.5,60482.5
975,308223,77055.75,76017,77055.75
976,183838,61279.3333333333,57247,61279.3333333333
977,92138,92138,92138,59091.6666666667
978,56904,56904,56904,56904
979,82319,41159.5,41159.5,75364
980,187648,93824,93824,76686
981,0,0,NA,69439
982,62192,62192,62192,62192
983,137753,45917.6666666667,9682,45917.6666666667
984,30750,30750,30750,48103.5455729167
985,446405,223202.5,223202.5,50289.4244791667
986,1679,839.5,839.5,56586.8697916667
987,279133,69783.25,61251.5,57969.568359375
988,121971,121971,121971,59352.2669270833
989,236849,78949.6666666667,58360,58372.2291666667
990,84756,42378,42378,50876.2434895833
991,49265,24632.5,24632.5,43380.2578125
992,0,0,NA,44382.515625
993,0,0,NA,46441.5
994,329154,82288.5,75547.5,48304.375
995,200669,50167.25,26507,50167.25
996,92223,30741,31762,54355.78125
997,0,0,NA,48799.8854166667
998,92005,92005,92005,47427.1484375
999,83831,27943.6666666667,37797,46054.4114583333
1000,181948,90974,90974,48864.8333333333
1001,209358,69786,62347,50059.1666666667
1002,205014,51253.5,40266.5,51253.5
1003,513528,64191,38898,56813.3333333333
1004,374239,62373.1666666667,53796.5,56872.6666666667
1005,170796,56932,52990,56932
1006,228197,45639.4,35495,51847.3232142857
1007,451607,64515.2857142857,37791,52190.1752232143
1008,0,0,NA,52533.0272321429
1009,512188,512188,512188,55199.4464285714
1010,62513,62513,62513,57810.1232142857
1011,102122,34040.6666666667,30551,55321.8988839286
1012,291643,58328.6,44254,52833.6745535714
1013,294939,73734.75,78980,51468.4456752232
1014,0,0,NA,52038.4458844866
1015,587830,146957.5,34053.5,52608.44609375
1016,0,0,NA,57760.84375
1017,97088,97088,97088,58661.6508463542
1018,306837,61367.4,36235,59111.2224283854
1019,186214,93107,93107,59154.682047526
1020,18133,6044.33333333333,1033,59198.1416666667
1021,154646,51548.6666666667,44173,57492.70625
1022,124761,62380.5,62380.5,55787.2708333333
1023,167937,41984.25,35263,56729.2604166667
1024,230685,57671.25,50745.5,57671.25
1025,226016,75338.6666666667,58346,59449.5416666667
1026,1945,1945,1945,53283.2708333333
1027,94234,47117,47117,52960.5286458333
1028,93699,31233,28605,52637.7864583333
1029,213935,53483.75,37692,53483.75
1030,212191,106095.5,106095.5,53293.9296875
1031,86784,43392,43392,53104.109375
1032,107771,53885.5,53885.5,53885.5
1033,147535,73767.5,73767.5,57461.1944444444
1034,549332,61036.8888888889,55904,58906.4375
1035,0,0,NA,60351.6805555556
1036,36016,36016,36016,59666.4722222222
1037,283226,70806.5,84354,61566.0833333333
1038,73586,36793,36793,61763.6284722222
1039,195803,65267.6666666667,31766,61961.1736111111
1040,246398,61599.5,55114,61599.5
1041,253112,84370.6666666667,86400,54470.25
1042,236705,47341,27104,47341
1043,731,731,731,42353.890625
1044,125455,125455,125455,41529.0703125
1045,162817,40704.25,30278.5,40704.25
1046,279081,69770.25,57289,31687.625
1047,45342,22671,22671,52277.8125
1048,145736,72868,72868,40363.15625
1049,56897,28448.5,28448.5,42795.8217773438
1050,554644,138661,61353,45228.4873046875
1051,686830,228943.333333333,26049,49105.5073242188
1052,462390,462390,462390,52982.52734375
1053,26158,26158,26158,51626.013671875
1054,0,0,NA,50269.5
1055,148762,74381,74381,43353.75
1056,145752,36438,33420,36438
1057,54777,27388.5,27388.5,35579.25
1058,265214,88404.6666666667,91328,34720.5
1059,84105,42052.5,42052.5,42052.5
1060,162269,81134.5,81134.5,50004.375
1061,363538,90884.5,98117,57956.25
1062,69556,34778,34778,53673.0416666667
1063,138236,69118,69118,49389.8333333333
1064,49644,16548,16313,54137.5833333333
1065,176656,58885.3333333333,49859,58885.3333333333
1066,7414,3707,3707,58875.7838541667
1067,168190,84095,84095,58866.234375
1068,141460,141460,141460,58256
1069,64834,32417,32417,45366.9916666667
1070,145173,29034.6,29312,38952.9791666667
1071,16051,8025.5,8025.5,39806.203125
1072,108130,36043.3333333333,28560,40659.4270833333
1073,286785,57357,56073,43820.6979166667
1074,105145,26286.25,26483.5,51598.0625
1075,575189,191729.666666667,88132,45839.125
1076,326960,65392,31409,39551.5424107143
1077,36999,18499.5,18499.5,41568.9684709821
1078,703048,100435.428571429,113258,43586.39453125
1079,132182,132182,132182,50217.7142857143
1080,0,0,NA,51071.4464285714
1081,286770,57354,30718,50567.9732142857
1082,557381,111476.2,29288,50064.5
1083,128325,42775,17428,42775
1084,170777,42694.25,27550,42694.25
1085,504681,252340.5,252340.5,44040.125
1086,136158,45386,37170,45386
1087,186863,37372.6,32333,44398.3375
1088,30518,15259,15259,43410.675
1089,197795,49448.75,34141.5,49448.75
1090,352395,88098.75,94012,44816.0416666667
1091,120550,40183.3333333333,30770,40183.3333333333
1092,64060,32030,32030,42637.705078125
1093,248940,62235,62293.5,45092.0768229167
1094,238427,79475.6666666667,61740,49582.6920572917
1095,17451,8725.5,8725.5,43501.7574869792
1096,157915,78957.5,78957.5,37420.8229166667
1097,0,0,NA,36674.2251191735
1098,0,0,NA,35927.6273216804
1099,0,0,NA,37861.9446702798
1100,39652,19826,19826,42249.215268453
1101,188262,62754,33426,36568.1076342265
1102,30887,30887,30887,38779.5538171132
1103,122973,40991,52149,40991
1104,16148,16148,16148,46250
1105,206036,51509,38354,51509
1106,286345,57269,51938,60187.3333333333
1107,206597,68865.6666666667,88895,68865.6666666667
1108,588977,196325.666666667,84308,71425.6276041667
1109,288372,96124,109950,71733.0966796875
1110,154224,77112,77112,71641.5483398438
1111,25529,12764.5,12764.5,68814.7741699219
1112,131976,65988,65988,65988
1113,537080,179026.666666667,37368,63175.125
1114,146730,73365,73365,60362.25
1115,51048,51048,51048,51048
1116,115236,57618,57618,57618
1117,381857,76371.4,90896,63672.6
1118,313664,78416,81247,63377.8
1119,126166,63083,63083,63083
1120,626338,208779.333333333,92846,59966.171875
1121,70647,35323.5,35323.5,56849.34375
1122,614178,153544.5,46455,59169.8502604167
1123,55234,27617,27617,61490.3567708333
1124,504205,100841,40936,58485.2760416667
1125,102907,34302.3333333333,37775,52646.2213541667
1126,60532,20177.3333333333,26291,55979.1106770833
1127,118624,59312,59312,59312
1128,172549,43137.25,23543,52785.46875
1129,159087,39771.75,26850,51083.046875
1130,77954,25984.6666666667,26581,55036.2734375
1131,117979,58989.5,58989.5,58989.5
1132,0,0,NA,61914.9375
1133,206764,103382,103382,55204.96875
1134,48495,48495,48495,48495
1135,126512,126512,126512,48530.1811523438
1136,514,514,514,48565.3623046875
1137,243355,48671,29897,48671
1138,64996,64996,64996,54871.75
1139,155721,77860.5,77860.5,61072.5
1140,479118,79853,96448.5,57149
1141,72875,36437.5,36437.5,57323.5
1142,172494,57498,29878,57498
1143,55148,18382.6666666667,26130,43221.6666666667
1144,86836,28945.3333333333,29234,50249.8333333333
1145,114556,57278,57278,57278
1146,41019,20509.5,20509.5,55199.4661458333
1147,447377,149125.666666667,33917,53120.9322916667
1148,341296,48756.5714285714,41891,48756.5714285714
1149,0,0,NA,46616.3125
1150,0,0,NA,44476.0535714286
1151,233917,46783.4,38078,46783.4
1152,213463,53365.75,53761,43865.5541666667
1153,297604,59520.8,43465,40947.7083333333
1154,85589,28529.6666666667,30172,28529.6666666667
1155,55282,27641,27641,28089.3383556548
1156,3065,3065,3065,28752.6001848493
1157,180084,25726.2857142857,28034,29415.8620140439
1158,55422,27711,27711,30958.5448056176
1159,68250,34125,34125,34125
1160,150803,50267.6666666667,27875,50267.6666666667
1161,394505,98626.25,113108.5,40870.2333333333
1162,157364,31472.8,28969,42929.3166666667
1163,252921,84307,81696,44988.4
1164,191067,95533.5,95533.5,38844.7
1165,196206,32701,22886.5,40826.7535993304
1166,162533,81266.5,81266.5,42808.8071986607
1167,294329,73582.25,62730,47750.2054966518
1168,391466,55923.7142857143,42883,48452.5637032645
1169,333218,66643.6,58146,49154.9219098772
1170,293692,73423,74860.5,48363.05
1171,60165,30082.5,30082.5,44002.775
1172,534411,178137,27821,46602.6375
1173,201103,100551.5,100551.5,49202.5
1174,66176,33088,33088,43757.5
1175,143050,71525,71525,43647.25
1176,43537,43537,43537,43537
1177,321631,64326.2,81314,46950.5535714286
1178,422474,60353.4285714286,39545,47866.7767857143
1179,48783,48783,48783,48783
1180,180077,90038.5,90038.5,45269.84375
1181,68038,34019,34019,43691.109375
1182,25861,25861,25861,42112.375
1183,85710,42855,42855,42855
1184,183736,61245.3333333333,33112,43739
1185,89246,44623,44623,44623
1186,143806,47935.3333333333,50032,47935.3333333333
1187,75878,37939,37939,48439.4166666667
1188,97887,48943.5,48943.5,48943.5
1189,41163,41163,41163,47989.0833333333
1190,860787,215196.75,69488.5,47034.6666666667
1191,159154,79577,79577,46238.6666666667
1192,136328,45442.6666666667,41111,45442.6666666667
1193,390873,65145.5,71848,49670.6666666667
1194,161696,53898.6666666667,25961,49798.8333333333
1195,49927,49927,49927,49927
1196,68166,34083,34083,51544.7439400809
1197,397078,56725.4285714286,49083,52271.7527073451
1198,128129,64064.5,64064.5,52274.9362378802
1199,467736,66819.4285714286,78018,52278.1197684152
1200,265940,66485,67842.5,50744.25
1201,144855,36213.75,27140.5,42020.875
1202,199785,33297.5,27737.5,38053.765625
1203,203722,101861,101861,38390.548828125
1204,72678,24226,26552,38727.33203125
1205,50956,25478,25478,40989.875
1206,41900,20950,20950,42399.40625
1207,336967,84241.75,91587,43808.9375
1208,65516,32758,32758,38314.59375
1209,93307,31102.3333333333,28597,39082.18359375
1210,65765,32882.5,32882.5,39849.7734375
1211,132303,44101,25281,40595.0107421875
1212,174765,43691.25,41850.5,41340.248046875
1213,92255,46127.5,46127.5,40909.984375
1214,29719,29719,29719,38128.71875
1215,329759,65951.8,66888,34334.796875
1216,48937,24468.5,24468.5,34161.3984375
1217,67976,33988,33988,33988
1218,191506,95753,95753,41039.1666666667
1219,144271,48090.3333333333,26401,39723.1666666667
1220,0,0,NA,38407.1666666667
1221,57448,28724,28724,41154.1041666667
1222,250340,62585,64707,39230.0520833333
1223,186530,37306,26133,37306
1224,31509,15754.5,15754.5,36806.875
1225,111360,111360,111360,36307.75
1226,113722,56861,56861,37292.59375
1227,360633,60105.5,36844.5,38277.4375
1228,113393,28348.25,30219,37713.84375
1229,148601,37150.25,38945.5,37150.25
1230,185964,46491,46457,35805.125
1231,34460,34460,34460,35134.3610026042
1232,0,0,NA,34800.7775065104
1233,163490,81745,81745,35173.4564615885
1234,72474,24158,27105,35546.1354166667
1235,202921,67640.3333333333,50069,44469.8333333333
1236,116102,116102,116102,53196.4166666667
1237,123846,61923,61923,53823.45703125
1238,210676,70225.3333333333,51213,53178.6529947917
1239,140145,70072.5,70072.5,52533.8489583333
1240,232869,77623,79808,53206.0494791667
1241,53086,26543,26543,53878.25
1242,1216963,202827.166666667,84492.5,59448.75
1243,184709,92354.5,92354.5,61502.71875
1244,261246,87082,105656,57675.359375
1245,695382,347691,347691,53848
1246,20614,20614,20614,53225.9125
1247,219222,43844.4,29978,52603.825
1248,49612,24806,24806,56361.45
1249,413271,68878.5,77914,54425.625
1250,262449,52489.8,50014,52489.8
1251,64293,64293,64293,64293
1252,55945,27972.5,27972.5,64867.5
1253,130884,65442,65442,64691.5498046875
1254,0,0,NA,64515.599609375
1255,152085,76042.5,76042.5,63589.19921875
1256,159731,79865.5,79865.5,61180.2630208333
1257,168842,56280.6666666667,42472,56280.6666666667
1258,169769,42442.25,28168,52124.5833333333
1259,95937,47968.5,47968.5,56065.6458333333
1260,161887,80943.5,80943.5,60006.7083333333
1261,0,0,NA,61576.5208333333
1262,189439,63146.3333333333,71940,59532.59375
1263,207741,69247,79815,57488.6666666667
1264,51831,51831,51831,51831
1265,162196,40549,29592.5,47758.75
1266,98227,24556.75,24430.5,47291.375
1267,140472,46824,36456,46824
1268,693213,231071,29327,45052.6357421875
1269,53008,26504,26504,43281.271484375
1270,216429,108214.5,108214.5,43741.74609375
1271,91175,45587.5,45587.5,45587.5
1272,361338,72267.6,65234,55148.75
1273,64710,64710,64710,56239.453125
1274,187265,93632.5,93632.5,56483.1015625
1275,264787,88262.3333333333,96050,48083.86328125
1276,110902,36967.3333333333,39894,39684.625
1277,45285,22642.5,22642.5,37272.8268229167
1278,0,0,NA,37141.0056966146
1279,67863,33931.5,33931.5,37327.419514974
1280,225083,37513.8333333333,35687.5,37513.8333333333
1281,70925,23641.6666666667,22192,41750.5208333333
1282,54842,27421,27421,45987.2083333333
1283,119014,59507,59507,52568.59375
1284,690978,172744.5,34124,53392.3033854167
1285,210487,70162.3333333333,63821,53071.7766927083
1286,211005,52751.25,47812.5,52751.25
1287,183390,36678,37636,48484.625
1288,132654,44218,49558,44218
1289,43650,21825,21825,44849.4375
1290,63617,31808.5,31808.5,45480.875
1291,60559,15139.75,13179,52948.5
1292,296354,74088.5,85244,52298.609375
1293,127029,63514.5,63514.5,51648.71875
1294,21340,21340,21340,49812.25
1295,72220,36110,36110,49208.2916666667
1296,145813,48604.3333333333,22287,48604.3333333333
1297,120484,60242,60242,51477.4791666667
1298,68961,34480.5,34480.5,49968.3645833333
1299,90256,90256,90256,48459.25
1300,124876,62438,62438,46778.7916666667
1301,135295,45098.3333333333,38306,45098.3333333333
1302,113808,37936,24658,41646.7501627604
1303,0,0,NA,40050.5420735677
1304,31017,31017,31017,39535.5444742839
1305,0,0,NA,39020.546875
1306,63259,21086.3333333333,23973,41565.5
1307,171238,57079.3333333333,41633,42316.5833333333
1308,129203,43067.6666666667,49388,43067.6666666667
1309,64172,64172,64172,43067.3333333333
1310,86134,43067,43067,43067
1311,47655,47655,47655,47655
1312,94250,94250,94250,38200.875
1313,0,0,NA,35933.4375
1314,67332,33666,33666,33666
1315,200257,66752.3333333333,69329,34332.578125
1316,53011,26505.5,26505.5,37122.5703125
1317,25494,25494,25494,39912.5625
1318,246966,82322,103760,52035.25
1319,157153,78576.5,78576.5,45980.125
1320,79850,39925,39925,39925
1321,141202,70601,70601,46406.85
1322,637709,127541.8,41226,47102.3625
1323,22044,22044,22044,47797.875
1324,106347,53173.5,53173.5,45446.7
1325,97149,32383,28127,43095.525
1326,130452,43484,43226,43484
1327,114355,38118.3333333333,25038,44392.675
1328,179401,59800.3333333333,51343,45301.35
1329,53114,26557,26557,45234.875
1330,225842,45168.4,35650,45168.4
1331,20161,20161,20161,47749.4375
1332,150501,75250.5,75250.5,50330.475
1333,80903,40451.5,40451.5,49992.675
1334,20592,20592,20592,49654.875
1335,235433,58858.25,59126,49806.8958333333
1336,182057,60685.6666666667,56061,49053.78125
1337,144902,48300.6666666667,45792,48300.6666666667
1338,143773,71886.5,71886.5,48390.8666666667
1339,121224,60612,60612,48481.0666666667
1340,212529,42505.8,37450,47052.3666666667
1341,136871,45623.6666666667,50647,45623.6666666667
1342,184231,36846.2,36974,46002.1770833333
1343,148967,49655.6666666667,37203,46380.6875
1344,829716,118530.857142857,48486,45121.7083333333
1345,162351,40587.75,40627,40587.75
1346,223111,55777.75,51027.5,36406.802734375
1347,71487,23829,21980,35554.8188680013
1348,226550,75516.6666666667,86281,35773.9202092489
1349,97982,32660.6666666667,33234,35993.0215504964
1350,0,0,NA,36668.3333333333
1351,81352,40676,40676,40676
1352,111046,55523,55523,40831.875
1353,42128,21064,21064,40987.75
1354,52905,26452.5,26452.5,37987.8125
1355,103568,103568,103568,40755.53125
1356,174093,43523.25,35214.5,43523.25
1357,100469,50234.5,50234.5,44086.2443847656
1358,275828,68957,71641,44649.2387695312
1359,181025,90512.5,90512.5,44430.5361328125
1360,59447,29723.5,29723.5,43542.125
1361,75488,37744,37744,42016.4583333333
1362,67441,33720.5,33720.5,40490.7916666667
1363,113393,56696.5,56696.5,43237.5833333333
1364,158264,52754.6666666667,44930,40925.2916666667
1365,38613,38613,38613,40160.1607638889
1366,148158,49386,33632,40168.6102430555
1367,36029,36029,36029,40177.0597222222
1368,51236,51236,51236,43033.1194444444
1369,20762,20762,20762,45935.7986111111
1370,283102,56620.4,26583,44842.2770833333
1371,238643,59660.75,61174.5,43748.7555555556
1372,277894,30877.1111111111,21929,45761.8777777778
1373,143325,47775,44700,46445.6680555556
1374,234636,58659,60397.5,46464.7923611111
1375,547274,182424.666666667,60153,46483.9166666667
1376,37696,37696,37696,44991.5833333333
1377,125417,41805.6666666667,49968,41805.6666666667
1378,118790,59395,59395,42659.125
1379,93190,31063.3333333333,26470,43512.5833333333
1380,151772,50590.6666666667,25277,46432.7083333333
1381,88470,29490,25620,47273.8541666667
1382,48115,48115,48115,42347.2604166667
1383,112262,37420.6666666667,45220,37420.6666666667
1384,20933,20933,20933,36072.7083333333
1385,138899,34724.75,33302.5,36064.662109375
1386,118064,118064,118064,36064.4977213542
1387,108193,36064.3333333333,23865,36064.3333333333
1388,65050,32525,32525,32525
1389,95907,31969,27436,37834.7552083333
1390,114043,57021.5,57021.5,43144.5104166667
1391,127101,63550.5,63550.5,47381.5260416667
1392,139388,69694,69694,43630.4296875
1393,119638,39879.3333333333,30979,39879.3333333333
1394,0,0,NA,35286.2405598958
1395,0,0,NA,35809.5491957892
1396,0,0,NA,36332.8578316825
1397,228058,32579.7142857143,26029,39451.0859898159
1398,46005,46005,46005,46005
1399,32763,16381.5,16381.5,46266.34375
1400,213289,53322.25,44080,46527.6875
1401,0,0,NA,43391.75
1402,133845,33461.25,30743,43662.4375
1403,111824,55912,55912,43933.125
1404,73825,73825,73825,44566.890625
1405,52898,52898,52898,45200.65625
1406,59590,59590,59590,43626.3489583333
1407,62147,31073.5,31073.5,42872.3411458333
1408,0,0,NA,43626.3372395833
1409,133141,44380.3333333333,25731,44380.3333333333
1410,125698,62849,62849,50693.4791666667
1411,0,0,NA,50928.8645833333
1412,204657,51164.25,42889,51164.25
1413,81260,27086.6666666667,23863,51074.6666666667
1414,526771,526771,526771,50985.0833333333
1415,149767,74883.5,74883.5,51311.4069010417
1416,111618,55809,55809,51637.73046875
1417,568219,284109.5,284109.5,49878.4192708333
1418,24696,24696,24696,44853.0846354167
1419,159311,39827.75,43093.5,45384.646484375
1420,241921,60480.25,52518.5,45916.2083333333
1421,156014,52004.6666666667,39951,52004.6666666667
1422,89134,29711.3333333333,26487,51106.8333333333
1423,50209,50209,50209,50209
1424,75207,25069,24963,46504.6875
1425,63087,31543.5,31543.5,42800.375
1426,0,0,NA,44724.5
1427,48900,48900,48900,48900
1428,0,0,NA,45108.2275390625
1429,642355,321177.5,321177.5,41316.455078125
1430,20795,20795,20795,41904.14453125
1431,182843,45710.75,29023.5,45710.75
1432,0,0,NA,40297.4791666667
1433,68822,22940.6666666667,27172,40339.3048502604
1434,0,0,NA,40381.1305338542
1435,19870,19870,19870,41548.5188802083
1436,221498,55374.5,53965.5,44295.2083333333
1437,100401,50200.5,50200.5,50200.5
1438,120256,120256,120256,50232.087890625
1439,203884,50971,51746.5,50228.3095703125
1440,69155,69155,69155,50224.53125
1441,0,0,NA,49478.0625
1442,89891,44945.5,44945.5,44945.5
1443,0,0,NA,42462.6875
1444,0,0,NA,39979.875
1445,114974,57487,57487,43389.1875
1446,93597,46798.5,46798.5,46798.5
1447,102102,34034,38149,45545.75
1448,88586,44293,44293,44293
1449,29363,29363,29363,46124.6666666667
1450,143869,47956.3333333333,43797,47956.3333333333
1451,133491,33372.75,28777,42139.484375
1452,19693,19693,19693,40480.0442708333
1453,18643,18643,18643,42562.2721354167
1454,89289,44644.5,44644.5,44644.5
1455,57244,28622,28622,42177.75
1456,39711,39711,39711,33688.0416666667
1457,75595,25198.3333333333,19549,25198.3333333333
1458,153174,38293.5,34246.5,38293.5
1459,129526,64763,64763,39833.75
1460,83235,83235,83235,41374
1461,35970,17985,17985,20687
1462,0,0,NA,18175.9419435263
1463,0,0,NA,16950.9481815696
1464,0,0,NA,17501.0111372694
1465,527208,527208,527208,18051.0740929693
1466,0,0,NA,28052.370379818
1467,114161,38053.6666666667,45819,38053.6666666667
1468,41098,41098,41098,31475.3333333333
1469,24897,24897,24897,24897
1470,38199,38199,38199,38199
1471,49827,49827,49827,34289.75
1472,83323,41661.5,41661.5,30380.5
1473,0,0,NA,31309.4375
1474,0,0,NA,32238.375
1475,43646,43646,43646,27030.6875
1476,13512,13512,13512,26631.9270833333
1477,0,0,NA,26233.1666666667
1478,91930,30643.3333333333,22946,30643.3333333333
1479,473506,473506,473506,34464.6666666667
1480,38286,38286,38286,36167.4583333333
1481,0,0,NA,36186.0258331299
1482,74909,37454.5,37454.5,36194.0421727498
1483,0,0,NA,36138.0210863749
1484,36082,36082,36082,36082
1485,65042,65042,65042,30110
1486,24138,24138,24138,30196.1017456055
1487,133621,66810.5,66810.5,30205.7598571777
1488,68548,68548,68548,28321.3799285889
1489,26437,26437,26437,26437
1490,24632,24632,24632,24632
1491,0,0,NA,15395
1492,0,0,NA,6158
1493,0,0,NA,3079
1494,0,0,NA,1539.5
1495,0,0,NA,769.75
1496,0,0,NA,384.875
1497,0,0,NA,0
1498,0,0,NA,0
1499,0,0,NA,0
1500,0,0,NA,0
